step,carbon_us-east-1,spot_mult_us-east-1,carbon_us-west-2,spot_mult_us-west-2,carbon_eu-west-1,spot_mult_eu-west-1
0,419.43,0.3737,192.35,0.3294,51.73,0.2992
1,452.38,0.3491,225.51,0.4111,57.51,0.3872
2,483.97,0.4203,238.1,0.3173,62.36,0.4311
3,498.18,0.4497,265.63,0.4495,76.79,0.4228
4,523.78,0.4426,287.75,0.5057,79.31,0.3623
5,543.18,0.4407,304.33,0.4413,87.68,0.5102
6,542.73,0.4553,312.52,0.4087,105.21,0.4226
7,540.96,0.4831,309.46,0.4938,110.56,0.466
8,524.84,0.532,321.17,0.4676,114.92,0.427
9,511.83,0.5498,310.04,0.5771,117.2,0.5549
10,481.36,0.5815,312.0,0.5328,109.19,0.5118
11,454.28,0.5258,299.13,0.5325,106.04,0.4949
12,428.31,0.4289,281.06,0.4779,109.06,0.5433
13,380.4,0.5307,261.47,0.42,103.9,0.5278
14,361.27,0.4872,244.3,0.422,108.37,0.3938
15,333.09,0.4263,211.25,0.3816,90.77,0.4524
16,313.03,0.3223,191.32,0.442,87.02,0.4491
17,310.19,0.3864,181.71,0.3838,86.2,0.3505
18,292.91,0.2157,176.45,0.2619,76.09,0.3368
19,297.33,0.2355,164.62,0.2728,71.52,0.3123
20,315.54,0.2665,159.41,0.2868,50.54,0.2828
21,344.31,0.2269,170.69,0.2853,63.06,0.3056
22,361.21,0.3482,172.31,0.3428,61.18,0.2767
23,394.3,0.3041,187.79,0.3465,64.68,0.2961
24,429.79,0.3364,190.76,0.3178,61.93,0.3952
25,455.74,0.4055,214.24,0.3348,59.04,0.41
26,475.64,0.4376,233.96,0.3988,66.38,0.3359
27,498.27,0.4358,263.1,0.4797,73.96,0.4703
28,530.86,0.4977,270.06,0.3811,90.08,0.3782
29,534.17,0.4323,298.05,0.3748,99.56,0.5048
30,530.79,0.4471,304.17,0.3954,109.7,0.4051
31,545.05,0.4047,316.32,0.3807,112.66,0.4957
32,525.58,0.4529,323.67,0.4464,115.49,0.4867
33,508.29,0.5181,312.44,0.5556,116.04,0.6239
34,483.63,0.585,314.36,0.4941,109.33,0.5869
35,453.54,0.5132,292.53,0.5351,121.19,0.562
36,429.64,0.4868,285.41,0.5735,117.29,0.5529
37,386.8,0.5615,268.5,0.5228,105.79,0.4661
38,362.73,0.4668,242.36,0.4076,94.84,0.443
39,340.33,0.4071,227.9,0.4104,100.99,0.5064
40,325.49,0.4382,190.78,0.4772,81.51,0.3551
41,312.47,0.3707,180.21,0.4356,75.17,0.3731
42,301.76,0.2789,162.27,0.29,69.47,0.2696
43,302.69,0.2411,171.65,0.2719,72.73,0.282
44,320.77,0.2072,150.26,0.2141,57.07,0.2511
45,331.99,0.3076,166.28,0.302,49.91,0.23
46,362.18,0.3029,161.93,0.2379,52.3,0.2932
47,382.57,0.385,176.59,0.334,47.62,0.3831
48,415.33,0.3736,194.76,0.3176,54.37,0.3505
49,458.53,0.4184,227.66,0.3973,63.86,0.3762
50,483.05,0.3517,244.21,0.3711,70.48,0.469
51,505.83,0.5118,258.91,0.432,75.85,0.4401
52,516.02,0.4842,279.5,0.4131,81.69,0.4434
53,528.4,0.3978,303.81,0.4734,83.34,0.4872
54,538.23,0.3957,310.42,0.5063,95.16,0.4743
55,541.39,0.5119,317.46,0.4652,110.67,0.4295
56,520.97,0.3553,327.83,0.4085,116.82,0.4386
57,500.82,0.5493,322.51,0.6013,104.81,0.605
58,472.86,0.5799,305.97,0.515,105.95,0.4896
59,450.69,0.5411,297.83,0.5886,123.76,0.554
60,419.69,0.5194,278.1,0.5045,103.64,0.5616
61,389.66,0.4879,257.11,0.4239,105.0,0.4545
62,355.77,0.4948,239.42,0.424,96.56,0.4992
63,325.4,1.5698,209.61,0.4687,88.47,0.4134
64,308.44,0.4289,196.77,0.3196,77.85,0.4624
65,302.88,0.4298,174.0,0.4098,78.5,0.3586
66,292.8,0.3051,177.05,0.2668,66.45,0.2448
67,299.02,0.2782,154.86,0.278,70.33,0.1968
68,324.66,0.2673,160.04,0.2597,65.34,0.274
69,332.87,0.351,171.16,0.286,59.25,0.3203
70,350.17,0.2903,175.27,0.3182,57.57,0.3561
71,389.86,0.3323,187.55,0.3437,61.36,0.2797
72,420.97,0.3526,196.37,0.3528,65.47,0.4103
73,448.24,0.3114,220.44,0.3819,73.07,0.4182
74,486.41,0.4662,234.62,0.4038,65.35,0.4856
75,502.95,0.5027,266.24,0.3635,76.94,0.369
76,527.37,0.3614,270.23,0.4923,76.48,0.4863
77,527.84,0.524,292.39,0.5007,86.28,0.4984
78,540.4,0.4507,310.68,0.4857,92.29,0.4019
79,544.32,0.49,310.24,1.4454,112.82,0.4814
80,518.39,0.5085,329.13,0.4094,102.23,0.3658
81,509.71,0.6344,317.73,0.6543,104.39,0.5422
82,478.96,0.575,310.67,0.5349,114.53,0.493
83,447.75,0.5479,300.06,0.552,122.89,0.517
84,425.61,0.5073,284.68,0.5206,109.39,0.5036
85,386.76,0.4729,253.78,0.4645,97.66,0.4649
86,361.69,0.428,247.98,0.4295,96.67,0.517
87,325.63,0.4209,214.77,0.4843,88.12,0.4492
88,320.39,0.4055,191.28,0.4633,83.42,0.4695
89,296.28,0.4014,188.11,0.4155,77.74,0.4165
90,301.24,0.3104,180.2,0.2206,73.31,0.2086
91,308.65,0.1739,155.37,0.2038,67.48,0.3109
92,325.43,0.2393,166.51,0.2465,67.67,0.3109
93,330.52,0.2508,167.59,0.1947,48.64,0.3402
94,351.96,0.3804,173.18,0.3355,55.45,0.3441
95,389.98,0.2749,182.1,0.278,54.47,0.3252
96,427.09,0.3737,194.66,0.395,49.62,0.322
97,453.98,0.3773,217.03,0.3191,64.57,0.3575
98,487.66,0.4054,237.18,0.4066,72.99,0.4301
99,511.73,0.4316,262.7,0.4027,85.09,0.3336
100,520.04,0.461,271.3,0.3914,82.6,0.52
101,530.08,0.4556,292.58,0.4149,94.84,0.4576
102,541.27,0.3782,309.89,0.4024,102.4,0.4556
103,540.98,0.5058,309.41,0.4571,96.95,0.4274
104,527.57,0.4758,313.64,0.4704,114.22,0.4193
105,512.83,0.564,316.4,0.6191,118.28,0.5774
106,487.87,0.578,313.78,0.5428,116.77,0.5902
107,453.56,0.4897,295.2,0.5426,119.85,0.4802
108,424.04,0.4245,274.99,0.5042,114.4,0.4544
109,398.03,0.494,261.06,0.4679,97.47,0.498
110,357.88,0.5422,236.11,0.5264,90.45,0.3883
111,335.6,0.4686,227.69,0.3919,89.25,0.4475
112,323.97,0.5012,205.21,0.4535,79.6,0.3394
113,305.38,0.3792,185.61,0.37,83.88,0.387
114,307.97,0.2235,167.47,0.2335,75.36,0.3104
115,307.88,0.2208,157.93,0.2036,62.44,0.2826
116,306.12,0.2812,160.07,0.2842,54.84,0.3
117,325.78,0.2509,162.18,0.2525,62.87,0.321
118,353.15,0.2566,179.62,0.3468,59.96,1.4071
119,390.55,0.3538,192.03,0.3297,51.23,0.3082
120,365.58,0.3125,170.98,0.384,47.17,0.3226
121,385.57,0.3012,193.16,0.4094,50.65,0.3373
122,400.12,0.3102,210.17,0.4327,55.71,0.3803
123,419.62,0.4261,230.55,0.4279,68.53,0.3266
124,448.79,0.4583,236.29,0.4006,76.33,0.5046
125,458.12,0.3921,248.74,0.4699,79.36,0.5104
126,467.08,0.4673,268.19,0.397,82.35,0.384
127,457.15,0.4157,274.51,0.4272,88.64,0.4586
128,448.14,0.4506,267.82,0.4642,92.6,0.44
129,433.91,0.5083,264.78,0.6013,96.41,0.6068
130,405.91,0.5931,253.34,0.4772,106.4,0.5597
131,377.67,0.5945,248.94,0.476,104.83,0.511
132,363.27,0.5206,233.29,0.528,89.77,0.5173
133,325.19,0.4471,226.69,0.431,94.27,0.4232
134,296.09,0.4898,213.71,0.4142,90.64,0.4695
135,294.39,0.3767,181.42,0.4697,82.25,0.4798
136,263.58,0.4306,162.58,0.3619,73.81,0.4164
137,257.1,0.3475,153.3,0.4084,70.04,0.381
138,252.0,0.2491,143.06,0.2205,62.43,0.19
139,257.72,0.2423,144.44,0.2775,53.77,0.2571
140,272.72,0.1787,127.92,0.3086,53.91,0.2722
141,277.04,0.281,138.25,0.2174,40.67,0.242
142,299.88,0.2596,146.87,0.2824,53.55,0.3525
143,325.76,0.2945,149.92,0.3567,55.19,0.2609
144,357.3,0.3155,176.7,0.3399,42.87,0.3339
145,380.44,0.4096,182.5,0.4015,46.0,0.3486
146,400.12,0.3843,199.49,0.374,54.65,0.4334
147,421.49,0.426,220.82,0.4713,62.72,0.3791
148,450.62,0.4097,231.6,0.4078,67.42,0.3911
149,448.07,0.4002,244.32,0.4657,83.7,0.3903
150,460.8,0.4926,258.98,0.452,90.59,0.4845
151,452.86,0.3677,266.46,0.509,80.94,0.4652
152,437.07,0.4311,273.64,0.505,97.25,0.4245
153,424.96,0.6112,277.93,0.6006,93.24,0.6232
154,414.13,0.5129,270.21,0.6367,98.68,0.555
155,382.85,0.5338,261.88,0.5561,100.85,0.4899
156,352.03,0.4878,232.85,0.4937,86.33,0.501
157,332.59,0.4975,217.23,0.4901,84.93,0.4917
158,299.0,0.4049,205.33,0.497,77.76,0.5115
159,283.38,0.4701,187.6,0.3878,75.26,0.4639
160,265.67,0.3597,161.52,0.4449,62.98,0.4224
161,261.14,0.3828,160.94,0.3559,67.13,0.3795
162,249.56,0.2602,147.47,0.2587,53.25,0.22
163,259.49,0.2697,143.55,0.1946,56.47,0.2244
164,271.09,0.2575,141.68,0.2643,55.61,0.3431
165,284.19,0.2425,142.44,0.1826,44.15,0.2198
166,304.86,0.3251,150.19,0.3451,41.28,0.2884
167,331.26,0.2952,160.22,0.3135,51.46,0.2375
168,421.89,0.3334,204.89,0.3098,52.5,0.3847
169,454.86,0.334,211.07,0.3387,66.58,0.3135
170,478.85,0.4281,232.2,0.4345,78.73,0.3351
171,499.79,0.4792,263.37,0.422,74.18,0.431
172,514.21,0.4878,279.42,0.4649,81.72,0.5144
173,528.17,0.406,292.5,0.4588,94.48,0.4069
174,545.09,0.4961,314.09,0.4809,94.59,0.5172
175,535.71,0.4144,317.25,0.3774,113.23,0.4258
176,520.32,0.4902,321.02,0.5097,112.27,0.459
177,497.5,0.6019,309.43,0.5974,110.42,0.6021
178,474.51,0.6006,318.63,0.5686,110.04,0.5367
179,456.61,0.6045,295.5,0.5269,108.4,0.5335
180,420.54,0.495,279.16,0.5389,119.43,0.5241
181,384.33,0.5623,263.36,0.4705,104.17,0.4503
182,356.82,0.4044,234.14,0.4494,91.9,0.4704
183,329.81,0.386,218.26,0.407,83.97,0.4592
184,308.35,0.4745,200.62,0.3206,80.0,0.465
185,309.47,0.42,184.58,0.3832,76.61,0.4065
186,296.46,0.2862,169.98,0.2604,62.54,0.1869
187,305.83,0.174,167.35,0.2732,55.67,0.2668
188,318.65,0.2825,160.38,0.3119,66.93,0.2417
189,325.75,0.2685,153.09,0.2263,64.89,0.246
190,363.46,0.3053,169.12,0.2547,59.6,0.2373
191,398.42,0.2724,174.28,0.3485,48.12,0.3635
192,415.95,0.292,207.72,0.2718,52.94,0.3925
193,454.17,0.4558,213.13,0.3422,63.98,0.4156
194,473.44,0.3657,234.01,0.4888,64.74,0.4297
195,499.44,0.4307,269.3,0.3611,82.51,0.4282
196,526.39,0.4218,276.96,0.4551,85.73,0.4323
197,538.45,0.5167,288.2,0.4777,87.45,0.4553
198,541.56,0.473,317.23,0.5176,98.0,0.5306
199,536.0,0.402,316.96,0.403,109.26,0.4536
200,527.53,0.4057,328.9,0.4332,119.32,0.4573
201,506.76,0.6467,312.38,0.5671,110.94,0.6196
202,481.08,0.5792,314.93,0.5271,111.05,0.5586
203,458.24,0.5298,290.06,0.5316,111.38,0.4468
204,424.28,0.4871,278.71,0.5426,120.23,0.5452
205,394.17,0.5498,256.56,0.4765,99.86,0.4786
206,362.41,0.5064,239.26,0.511,103.64,0.3949
207,334.33,0.4578,214.31,0.3712,101.88,0.434
208,310.61,0.4112,197.1,0.4621,88.27,0.3858
209,303.74,0.4036,189.1,0.4087,74.22,0.4766
210,301.58,0.2501,161.0,0.2174,74.18,0.3287
211,305.63,1.5014,170.65,0.2607,68.39,0.2563
212,317.47,0.2516,163.3,0.1853,55.59,0.2411
213,339.98,0.2346,162.52,0.2818,46.58,0.3159
214,366.0,0.259,170.8,0.2835,56.36,0.3511
215,388.2,0.3916,181.04,0.3372,60.44,0.33
216,411.16,0.3728,190.57,0.3319,50.82,0.3377
217,460.7,0.429,221.82,0.3888,56.98,0.3835
218,476.43,0.3288,231.25,0.4242,79.66,0.4208
219,502.74,0.4217,259.4,0.4333,75.59,0.439
220,528.01,0.4018,278.64,0.3637,78.91,0.441
221,535.83,0.4438,303.4,0.4215,90.34,0.4618
222,542.41,0.4538,309.83,0.3679,100.35,0.3777
223,528.84,0.4775,320.24,0.4528,102.63,0.4222
224,531.34,0.4342,315.12,0.4842,109.76,0.345
225,495.96,0.5918,323.48,0.5097,104.35,0.5127
226,482.22,0.5367,315.72,0.5003,123.16,0.5223
227,449.58,0.5678,306.0,0.5174,114.19,0.5634
228,418.25,0.4833,270.78,0.4342,117.06,0.514
229,397.82,0.522,270.55,0.5481,112.57,0.4537
230,355.97,0.4991,246.83,0.4673,107.8,0.419
231,341.8,0.4081,210.98,0.4021,91.46,0.4411
232,323.15,0.4811,192.87,0.4407,94.98,0.3857
233,298.52,0.4666,180.14,0.4061,85.54,0.3136
234,304.93,0.1956,172.7,0.2816,76.92,0.2317
235,301.92,0.2471,171.47,0.3374,64.0,0.2825
236,311.57,0.2674,161.87,0.2738,51.63,0.2548
237,342.05,0.2767,159.82,0.2735,64.41,0.3009
238,357.29,0.3675,166.56,0.302,46.78,0.3457
239,395.71,0.2982,189.76,0.3614,59.35,0.3479
240,429.23,0.4006,193.09,0.326,55.27,0.3323
241,450.04,0.3822,217.58,0.4416,68.16,0.3764
242,485.59,0.4421,235.3,0.4278,61.11,0.4039
243,507.98,0.4534,268.89,0.4595,70.0,0.4408
244,518.32,0.3933,280.83,0.4494,82.89,0.4601
245,537.56,0.4254,306.0,0.4534,96.88,0.4546
246,532.39,0.4988,315.33,0.4627,104.38,0.4123
247,540.6,0.4134,308.35,0.441,100.0,0.4445
248,525.29,0.4138,322.1,0.4153,117.2,0.4264
249,498.18,0.5476,308.2,0.5372,115.11,0.5185
250,482.99,0.5554,313.15,0.5946,110.16,0.5976
251,442.09,0.5164,292.91,0.5293,120.0,0.5677
252,411.26,0.4838,273.81,0.551,116.03,0.5394
253,397.11,0.4418,261.15,0.4247,103.78,0.549
254,356.72,0.419,236.76,0.469,93.72,0.4636
255,327.25,0.4421,222.25,0.3937,89.76,0.5075
256,314.85,0.4536,200.99,0.4087,92.02,0.3631
257,295.3,0.3949,188.63,0.391,81.63,0.3668
258,291.05,0.3141,161.81,0.3276,61.73,0.2764
259,307.22,0.2428,166.28,0.2467,63.85,0.2413
260,306.42,0.3028,154.13,0.2607,59.14,0.2447
261,326.5,0.2349,157.91,0.3005,65.94,0.2001
262,367.63,0.3146,160.91,0.3414,49.61,0.2847
263,380.6,0.2795,176.95,0.3254,60.21,0.2657
264,422.64,0.2711,191.49,0.3773,67.22,0.3796
265,457.05,0.4259,210.48,0.314,63.28,0.3811
266,477.93,0.4588,241.84,0.3356,71.25,0.4176
267,497.33,0.4804,267.76,0.3851,78.9,0.4727
268,531.01,0.4864,271.67,0.476,87.82,0.4313
269,529.71,0.5032,292.35,0.514,83.85,0.4312
270,544.06,0.4846,305.45,0.4807,97.95,0.4345
271,526.57,0.4773,310.26,0.4183,98.78,0.4419
272,516.89,0.4849,326.47,0.5281,120.55,0.408
273,497.72,0.5139,311.18,0.5954,119.92,0.6251
274,488.41,0.5748,316.25,0.5226,119.39,0.5091
275,454.1,0.5592,304.2,0.5757,116.96,0.5223
276,427.4,0.4907,285.06,0.5232,107.07,0.4927
277,381.16,0.4589,253.18,0.4926,103.51,0.5355
278,363.21,0.4299,241.43,0.4449,105.11,0.4751
279,329.5,0.4901,218.71,0.4485,91.71,0.5051
280,310.62,0.3999,193.56,0.4008,76.85,0.3635
281,299.11,0.3582,187.59,0.4079,68.46,0.4582
282,297.99,0.1654,174.03,0.3342,62.66,0.3368
283,302.26,0.2837,155.41,0.1969,59.57,0.2221
284,320.03,0.3208,168.76,0.1819,51.91,0.3337
285,329.78,0.2414,165.0,0.3221,58.17,0.2858
286,363.54,0.2709,180.01,0.2809,59.7,0.2585
287,393.94,0.314,183.28,0.2624,65.19,0.4045
288,357.44,0.2605,166.32,0.3716,54.32,0.4006
289,375.22,0.358,189.58,0.4462,54.67,0.4702
290,405.74,0.3934,195.99,0.3376,61.99,0.3515
291,423.71,0.3789,230.4,0.4288,65.03,0.4823
292,441.63,0.3948,235.08,0.3729,73.67,0.4698
293,457.64,0.4066,255.51,0.49,80.03,0.3515
294,457.88,0.3929,262.18,0.4329,93.81,0.49
295,448.33,0.5239,261.09,0.452,88.55,0.4785
296,438.33,0.4796,281.28,0.4876,102.12,0.4435
297,430.41,0.6676,262.47,0.507,99.35,0.6141
298,417.45,0.5575,254.84,0.6234,93.14,0.5306
299,386.4,0.461,255.48,0.5332,89.12,0.5038
300,357.66,0.4343,237.24,0.5081,94.94,0.4862
301,324.95,0.5345,224.81,0.4966,97.47,0.4666
302,314.58,0.439,206.78,0.4485,82.48,0.4227
303,289.89,0.4864,185.23,0.4232,71.98,0.4676
304,277.65,0.3933,167.73,0.4279,74.48,0.3443
305,266.14,0.4374,154.51,0.4498,58.69,0.3928
306,253.3,0.2393,153.06,0.2164,68.61,0.2492
307,267.15,0.2612,143.01,0.1883,53.39,0.2616
308,260.39,0.2008,142.52,0.2739,54.99,0.2586
309,287.09,0.2999,141.18,0.2781,45.79,0.3242
310,300.0,0.3172,139.85,0.2487,48.11,0.3154
311,324.61,0.3859,157.96,0.332,40.87,0.3377
312,365.29,0.377,169.98,0.3225,60.13,0.382
313,379.24,0.4619,179.28,0.3905,63.82,0.338
314,412.7,0.3642,196.07,0.4557,53.24,0.3295
315,429.11,0.4361,214.33,0.3849,61.49,1.5661
316,441.45,0.4311,246.2,1.7559,74.69,0.3917
317,446.36,0.4899,247.8,0.3766,81.71,0.4485
318,456.38,0.3969,266.87,0.4699,84.18,0.429
319,463.11,0.3652,276.37,0.39,98.58,0.4197
320,442.06,0.3859,281.66,0.4738,104.22,0.4309
321,438.04,0.5861,262.99,0.5927,100.99,0.5548
322,415.28,0.5564,254.95,0.5311,92.21,0.4801
323,384.5,0.4729,249.64,0.4695,95.87,0.5665
324,358.87,0.497,244.78,0.5754,92.38,0.5667
325,340.37,0.5507,214.36,0.3967,93.36,0.4928
326,298.69,0.5279,211.34,0.4285,83.45,0.5009
327,291.87,0.4046,189.19,0.4475,75.29,0.3885
328,278.47,0.4388,176.57,0.5025,74.72,0.3791
329,257.51,0.3715,157.36,0.4313,75.64,0.4675
330,247.84,0.2132,143.8,0.2984,68.96,0.2527
331,255.91,0.2864,142.84,0.2116,63.83,0.2136
332,273.95,0.2446,127.24,0.2728,41.53,0.2689
333,274.89,0.3069,129.95,0.2469,51.48,0.2713
334,305.84,0.2858,147.5,0.2975,56.38,0.2462
335,331.42,0.2695,152.42,0.3471,52.02,0.3539
336,421.36,0.274,206.19,0.3156,67.84,0.3778
337,452.21,0.3645,218.84,0.4114,68.45,0.3438
338,484.5,0.3683,245.12,0.349,64.63,0.3622
339,499.57,0.3861,253.1,0.4139,72.74,0.4817
340,519.23,0.5,275.29,0.3772,84.8,0.4354
341,544.54,0.447,287.17,0.4302,92.08,0.5241
342,540.2,0.5004,315.16,0.5188,101.43,0.3624
343,543.21,0.458,313.88,0.4594,100.14,0.4188
344,521.66,0.3848,317.16,0.4661,112.5,0.4083
345,501.34,0.5708,307.63,0.5323,119.78,0.5964
346,472.48,0.4956,304.61,0.6024,124.29,0.5818
347,456.35,0.4738,302.69,0.5554,105.03,0.524
348,429.12,0.5033,284.61,0.4647,106.15,0.4656
349,397.17,0.4531,258.22,0.4777,105.31,0.4083
350,368.33,0.4483,247.95,0.383,107.02,0.3916
351,326.09,0.5004,212.81,0.4261,96.0,0.5163
352,323.17,0.4039,210.0,0.387,81.76,0.4477
353,312.63,0.3812,190.65,0.403,78.69,0.353
354,295.36,0.2108,161.87,0.3121,62.93,0.2256
355,309.15,0.2654,164.44,0.2728,57.63,0.2008
356,316.8,0.2575,165.31,0.2268,61.97,0.2643
357,344.15,0.2872,165.24,0.2423,65.25,0.1976
358,357.57,0.293,173.8,0.3028,53.66,0.2617
359,393.86,0.4124,191.73,0.3749,60.44,0.2502
360,429.59,0.3514,201.54,0.363,55.88,0.4007
361,444.19,0.4108,229.08,0.3823,57.35,0.3621
362,486.22,0.4448,238.83,0.4346,76.34,0.3448
363,498.3,0.3501,251.14,0.401,86.23,0.4616
364,517.61,0.4375,286.76,0.436,80.52,0.4452
365,541.38,0.4964,292.36,0.4639,98.13,0.3897
366,548.58,0.4773,304.09,0.4531,105.3,0.5162
367,541.21,0.4166,321.83,0.4025,99.74,0.4442
368,524.72,0.4924,327.97,0.4759,110.47,0.4026
369,499.92,0.6155,317.42,0.5736,118.13,0.5844
370,489.18,0.5706,317.98,0.574,111.59,0.5613
371,454.71,0.5371,298.92,0.5426,113.51,0.518
372,411.82,0.5134,288.85,0.5493,113.41,0.5009
373,386.0,0.5217,258.92,0.486,110.98,0.4395
374,353.56,0.4549,240.87,0.4155,94.67,0.4591
375,331.66,0.3812,215.4,0.4393,84.25,0.4299
376,323.59,0.3934,199.84,0.3592,86.03,0.3691
377,294.33,0.4311,174.76,0.4277,69.39,0.3727
378,294.82,0.2758,166.32,0.2315,72.22,0.2668
379,301.92,0.1903,163.99,0.2873,63.16,1.1781
380,324.04,0.2983,163.49,0.3294,63.04,0.2311
381,332.38,0.281,169.84,0.3334,51.81,0.3367
382,362.24,0.3021,177.5,0.3165,47.5,0.2275
383,394.16,0.2581,184.06,0.3079,49.54,0.3551
384,417.38,0.2671,203.09,0.2573,56.05,0.331
385,460.02,0.3896,219.43,0.3087,61.55,0.3555
386,474.29,0.4061,232.97,0.4021,63.85,0.3755
387,509.87,0.3704,266.51,0.3706,78.97,0.3695
388,518.99,0.4098,280.88,0.5094,78.5,0.4396
389,533.94,0.4426,299.97,0.4813,99.91,0.4406
390,537.45,0.3925,305.67,0.4851,97.37,0.4307
391,533.87,0.4244,324.81,0.4512,100.44,0.4169
392,515.55,0.4571,323.6,0.4641,101.84,0.4538
393,499.43,0.6168,326.78,0.5662,113.14,0.5689
394,482.49,0.5396,311.17,0.5358,113.63,0.4655
395,453.97,0.5692,290.74,0.5142,111.96,0.4618
396,422.51,0.4737,283.65,0.5525,101.61,0.4915
397,389.08,0.4723,256.14,0.4394,110.71,0.539
398,351.65,0.4068,241.23,0.4884,107.13,0.5144
399,327.83,0.3732,215.64,0.3762,98.26,0.3922
400,319.84,0.3882,198.7,0.4567,94.18,0.4051
401,306.86,0.3422,174.04,0.4105,81.14,0.4161
402,304.62,0.1835,170.34,0.2041,61.01,0.2402
403,310.81,0.2539,172.21,0.1957,73.0,0.2396
404,317.22,0.3193,150.07,0.2358,59.36,0.3475
405,340.96,0.3204,160.36,0.2704,63.77,0.2185
406,364.73,0.2396,169.48,0.2906,47.78,0.3578
407,394.29,0.3563,187.63,0.2867,50.46,0.4034
408,414.44,0.3872,192.41,0.4264,55.87,0.3747
409,451.84,0.3682,226.15,0.4127,58.47,0.3641
410,470.64,0.3871,247.26,0.3851,63.18,0.3821
411,506.34,0.4666,255.97,0.433,76.39,0.4071
412,527.43,0.4172,278.76,0.4599,87.37,0.4842
413,542.84,0.4775,300.0,0.4022,93.96,0.3949
414,546.73,0.4555,317.04,0.4472,98.37,0.4208
415,539.88,0.4021,322.02,0.4454,98.67,0.4667
416,514.97,0.5306,311.79,0.4198,102.81,0.4878
417,509.84,0.6034,310.24,0.5694,123.11,0.5602
418,482.28,0.5819,309.84,0.5451,118.46,0.4905
419,450.48,0.5398,287.19,0.5835,114.48,0.5335
420,423.52,0.4949,272.85,0.4262,107.73,0.5202
421,398.81,0.4971,259.72,0.4102,96.98,0.5179
422,363.53,0.3923,247.0,0.4444,90.87,0.4582
423,334.86,0.435,224.44,0.4334,101.0,0.4705
424,315.29,0.4641,203.69,0.4026,76.61,0.3441
425,308.89,0.3794,189.18,0.4692,81.11,0.4627
426,297.35,0.2721,176.69,0.3142,66.2,0.2228
427,295.17,0.2462,154.93,0.2248,54.68,0.2784
428,308.18,0.1886,156.86,0.2162,58.17,0.229
429,338.45,0.2686,158.06,0.2897,48.65,0.2872
430,360.35,0.2583,176.36,0.2425,60.1,0.292
431,388.06,0.2835,182.73,0.2793,54.84,0.4181
432,423.21,0.3326,196.95,0.4276,60.53,0.3704
433,441.14,0.3578,226.18,0.3291,62.17,0.3904
434,470.18,0.4356,234.54,0.422,69.52,0.3589
435,503.73,0.4415,254.83,0.367,67.39,0.5192
436,520.05,0.4342,275.27,0.4394,90.55,0.4703
437,533.14,0.5102,291.36,0.3671,90.31,0.4259
438,530.37,0.5262,301.52,0.4861,108.22,0.4974
439,539.65,0.4423,320.45,0.4043,107.63,0.4793
440,518.09,0.371,319.89,0.4277,110.2,0.4218
441,499.11,0.5708,310.06,0.577,109.85,0.6293
442,481.37,0.5337,316.36,0.4715,105.73,0.5889
443,452.1,0.5131,291.19,0.545,113.08,0.5297
444,413.96,0.5147,271.54,0.5002,113.77,0.5389
445,384.02,0.4328,256.0,0.488,99.81,0.4674
446,360.18,0.475,240.12,0.4225,97.28,0.4702
447,343.85,0.3927,220.19,0.3691,98.6,0.4277
448,306.71,0.3379,198.68,0.3617,85.92,0.4061
449,313.27,0.4199,176.5,0.4631,71.55,0.4605
450,304.32,0.2548,176.8,0.277,67.23,0.3104
451,309.94,0.2091,164.48,0.2413,66.66,0.2165
452,319.61,1.4116,169.58,0.2313,65.71,0.2982
453,340.63,0.3131,170.02,0.3276,61.06,0.2648
454,364.62,0.2837,170.32,0.2759,60.8,0.2541
455,379.34,0.3506,187.39,0.2881,58.95,0.2511
456,359.77,0.4002,172.1,0.3601,56.92,0.3725
457,385.48,0.3622,189.89,0.3839,56.37,0.3886
458,402.15,0.4737,213.83,0.3309,67.62,0.44
459,429.22,0.4255,227.22,0.3742,64.09,0.4551
460,451.51,0.4462,233.71,0.4335,75.19,0.3797
461,447.15,0.4808,243.49,0.3913,85.66,0.4407
462,468.45,0.4446,259.17,0.4837,81.42,0.4382
463,450.64,0.4397,266.65,0.4375,80.79,0.4057
464,444.45,0.4759,266.31,0.3979,102.88,0.4123
465,427.72,0.6202,263.7,0.5989,100.54,0.6299
466,403.55,0.5569,260.53,0.5327,97.4,0.5346
467,392.83,0.5228,243.51,0.5241,94.72,0.5488
468,352.44,0.4919,247.38,0.4548,103.09,0.4979
469,335.24,0.449,212.34,0.4098,83.74,0.4801
470,297.31,0.3826,199.84,0.4311,77.12,0.4714
471,292.18,0.3791,194.52,0.4369,74.25,0.458
472,261.76,0.4379,171.15,1.1497,79.79,0.4232
473,254.59,0.424,155.69,0.3773,71.87,0.3705
474,262.24,0.2392,139.8,0.2024,65.31,0.1814
475,263.16,0.3369,140.45,0.2493,56.28,0.2095
476,273.7,0.2124,141.98,0.2893,51.97,0.2804
477,285.64,0.2551,142.5,0.3295,55.96,0.2586
478,299.46,0.3263,139.35,0.2546,48.97,0.3205
479,334.04,0.3296,153.54,0.3104,46.28,0.3195
480,350.12,0.2766,163.9,0.3211,58.63,0.2684
481,383.88,0.4147,178.34,0.3988,62.54,0.4153
482,407.07,0.4189,198.42,0.4547,62.47,0.4141
483,434.61,0.4635,211.73,0.4292,61.03,0.421
484,441.17,0.4121,237.38,0.5324,63.36,0.3924
485,459.61,0.4124,254.39,0.4414,86.67,0.3734
486,449.68,0.52,253.42,0.4464,90.62,0.4664
487,450.42,0.4824,270.55,0.4464,85.48,0.5402
488,446.48,0.403,271.12,0.3754,100.45,0.4513
489,421.92,0.5864,274.5,0.5957,106.06,0.5821
490,414.07,0.5596,272.05,0.5869,99.75,0.5948
491,375.64,0.4592,247.95,0.6042,92.65,0.5741
492,361.62,0.5311,238.25,0.449,90.2,0.5073
493,336.93,0.3992,221.27,0.485,91.27,0.4448
494,297.85,0.4024,207.88,0.522,91.63,0.5291
495,292.45,0.4669,190.53,0.4407,75.04,0.3782
496,261.93,0.4199,167.1,0.3566,64.85,0.3609
497,265.71,0.3835,164.11,0.393,67.62,0.4002
498,246.06,0.2429,144.23,0.2304,62.22,0.2478
499,261.27,0.2705,128.98,0.2918,48.67,0.2081
500,476.59,0.2311,345.89,0.3051,244.78,0.3255
501,484.04,0.3217,335.73,0.3401,250.61,0.2913
502,512.15,0.3215,352.97,0.3394,245.76,0.2896
503,529.31,0.3053,358.61,0.4051,240.61,0.3704
504,616.37,0.3393,408.37,0.3338,249.67,0.396
505,653.04,0.3802,412.55,0.4043,273.11,0.3618
506,674.45,0.4057,437.3,0.4364,261.15,0.4369
507,701.2,0.4197,456.96,0.3969,279.52,0.4692
508,725.32,0.4007,472.86,0.4643,281.95,0.4306
509,730.68,0.5025,486.64,0.5363,289.6,0.4782
510,738.99,0.4533,499.45,0.4804,294.97,0.4761
511,738.29,0.4378,520.54,0.3965,308.6,0.4698
512,728.11,0.4102,526.91,0.4657,315.71,0.4122
513,709.09,0.5432,511.77,0.5831,312.64,0.604
514,683.43,0.5663,499.62,0.5638,307.26,0.531
515,650.27,1.5621,491.94,0.5504,321.73,0.5153
516,624.63,0.514,484.24,0.5036,319.33,0.4689
517,588.85,0.5451,468.53,0.4635,306.3,0.4482
518,551.85,0.5121,436.34,0.4342,301.28,0.4441
519,531.29,0.4414,413.27,0.5018,301.96,0.4343
520,508.77,0.431,393.54,0.3747,288.0,0.4477
521,513.93,0.4246,385.05,0.4455,272.44,0.4491
522,490.78,0.2376,372.66,0.2335,277.4,0.2583
523,504.47,0.2871,362.44,0.3296,264.01,0.3288
524,519.5,0.2819,353.4,0.2685,268.97,0.3054
525,531.52,0.2596,369.62,0.3257,259.71,0.2607
526,554.35,0.2837,378.49,0.3501,261.67,0.3018
527,593.86,0.3293,392.74,0.2845,255.82,0.3214
528,624.5,0.3198,390.63,0.3285,261.91,0.3045
529,658.36,0.3298,425.24,0.3506,267.42,0.3826
530,688.81,0.4089,437.21,0.4089,265.61,0.4515
531,711.27,0.4107,463.92,0.4538,273.08,0.4701
532,717.95,0.3891,488.38,0.4855,293.01,0.4018
533,740.21,0.4822,494.44,0.5289,291.32,0.4396
534,742.05,0.4892,501.46,0.4175,303.03,0.4335
535,726.91,0.5114,520.03,0.5024,297.47,0.3699
536,716.7,0.4176,525.96,0.4187,301.41,0.4506
537,695.38,0.5272,515.04,0.5776,314.62,0.5553
538,672.24,0.5395,509.46,0.6105,314.03,0.5297
539,646.55,0.5293,503.66,0.4824,305.58,0.5329
540,612.73,0.4906,475.14,0.5147,311.4,0.4622
541,587.1,0.4424,455.68,0.4606,298.57,0.4531
542,560.61,0.3714,432.56,0.4797,298.54,0.4359
543,531.64,0.4395,420.61,0.4335,295.62,0.3369
544,514.29,0.4284,401.6,0.4824,276.93,0.3519
545,499.06,0.4416,375.57,0.3887,269.94,0.3895
546,491.01,0.2261,362.94,0.2584,274.6,0.3165
547,497.84,0.2407,360.51,0.1929,264.91,0.3318
548,525.85,0.331,357.38,0.2743,257.5,0.2913
549,338.99,0.2784,171.95,0.2614,54.81,0.2417
550,350.79,0.2313,163.9,0.2282,51.73,0.3323
551,392.84,0.3073,179.14,0.3299,56.02,0.3436
552,419.7,0.3422,194.26,1.7601,68.23,0.2744
553,460.64,0.3396,222.67,0.3743,55.85,0.405
554,474.83,0.3498,231.74,0.4531,60.98,0.3728
555,497.86,0.4391,250.78,0.4601,67.78,0.3731
556,521.38,0.5302,278.22,0.443,85.82,0.3921
557,542.41,0.4135,297.14,0.4828,83.87,0.5305
558,546.8,0.4284,308.71,0.4114,93.82,0.4651
559,540.04,0.4109,323.66,0.4579,110.31,0.3843
560,516.49,0.4368,321.59,0.4685,113.16,0.4422
561,496.36,0.5845,321.81,0.5291,121.19,0.541
562,473.92,0.5353,318.56,0.5836,107.0,0.5382
563,447.22,0.4805,292.03,0.4861,107.02,0.5339
564,422.46,0.5583,289.36,0.4475,106.88,0.5088
565,379.71,0.472,262.95,0.4464,100.47,0.4649
566,356.34,0.4468,242.65,0.4575,98.39,0.4279
567,342.33,0.4974,220.04,0.4665,99.07,0.4425
568,317.45,0.3231,208.97,0.4019,81.49,0.4316
569,296.08,0.4334,191.0,0.449,75.02,0.3803
570,308.31,0.2562,161.96,0.3283,69.32,0.2162
571,304.95,0.3493,161.56,0.2722,68.69,0.273
572,316.25,0.3137,160.4,0.281,62.23,0.3321
573,325.56,0.3373,160.68,0.2855,51.47,0.3228
574,357.44,0.3243,161.49,0.3138,60.18,0.2661
575,385.24,0.3253,175.53,0.2852,49.63,0.3777
576,423.75,0.369,208.53,0.3456,65.76,0.3306
577,449.2,0.3165,220.75,0.4056,60.12,0.3957
578,487.37,0.404,245.2,0.403,63.46,0.4201
579,495.89,0.4235,253.12,0.3553,79.42,0.4067
580,530.47,0.4227,279.25,0.4037,84.2,0.4514
581,537.39,0.4312,289.8,0.4515,84.44,0.4615
582,544.84,0.4306,305.16,0.4199,101.91,0.4363
583,538.83,0.4513,314.7,0.4431,112.49,0.4769
584,530.3,0.4936,310.98,0.5104,104.17,0.4241
585,501.78,0.6323,324.68,0.5228,106.27,0.5755
586,483.04,0.6154,303.49,0.5482,111.13,0.4937
587,443.61,0.4848,287.95,0.5471,121.12,0.584
588,412.83,0.4688,285.96,0.4708,101.25,0.5896
589,380.39,0.4266,265.56,0.4674,104.49,0.4233
590,364.56,0.4281,237.46,0.3934,95.56,0.4323
591,336.68,0.4096,215.85,0.4201,89.32,0.443
592,311.4,0.3672,200.75,0.4154,82.2,0.4308
593,305.15,0.4335,173.48,0.3474,84.82,0.4337
594,298.5,0.299,165.67,0.1949,67.31,0.2256
595,311.29,0.2271,162.95,0.3185,73.34,0.2666
596,307.36,0.3047,166.46,0.2687,60.42,0.3011
597,326.65,0.2094,169.28,0.2352,54.35,0.2837
598,367.51,0.3674,163.25,0.3015,56.26,0.2524
599,394.77,0.3522,182.76,0.2421,59.14,0.3481
600,412.81,0.3945,193.78,0.3605,52.24,0.3779
601,444.04,0.3891,211.66,0.4121,63.31,0.4335
602,475.95,0.3169,235.11,0.4072,66.15,0.345
603,505.16,0.4325,259.7,0.3995,76.96,0.4353
604,527.69,0.4484,272.78,0.4013,77.21,0.4352
605,531.0,0.456,305.44,0.4944,101.31,0.5108
606,543.43,0.4233,305.77,0.4758,97.96,0.4401
607,535.17,0.4138,316.5,0.5166,99.21,0.4189
608,517.83,0.3699,311.45,0.3942,117.07,0.417
609,499.5,0.5474,323.38,0.6001,119.78,0.661
610,485.74,0.5636,312.83,0.5133,121.35,0.5062
611,441.93,0.5012,300.04,0.5272,113.63,0.4804
612,418.64,0.455,272.83,0.5172,116.06,0.4994
613,391.55,0.415,251.86,0.4844,103.92,0.5587
614,355.46,0.4123,247.28,0.464,92.69,0.5148
615,326.89,0.4226,220.49,0.4679,98.6,0.3671
616,317.15,0.3774,196.6,0.3719,94.74,0.4382
617,296.7,0.3862,178.39,0.3998,79.34,0.4031
618,290.17,0.2906,176.51,0.2287,71.64,0.2881
619,296.47,0.2202,153.61,0.2807,66.07,0.2575
620,314.2,0.2473,162.87,0.253,58.38,0.2452
621,334.27,0.2824,171.42,0.3416,47.91,0.2827
622,362.63,0.3167,177.08,0.2962,62.08,0.2862
623,384.18,0.3458,179.08,0.3394,52.77,0.3582
624,353.09,0.3542,176.02,0.344,47.83,0.3641
625,373.57,0.3347,190.13,0.3837,61.66,0.3171
626,407.13,0.4125,211.75,0.4122,51.08,0.3671
627,424.74,0.4618,222.66,0.3931,59.01,0.4412
628,447.5,0.4463,247.85,0.4743,71.8,0.4118
629,457.48,0.4838,252.92,0.4354,68.89,0.4383
630,467.85,0.4676,261.05,0.4341,78.26,0.5111
631,458.48,0.4495,265.15,0.5004,80.39,0.4421
632,444.7,0.4482,276.59,0.4589,99.96,0.474
633,437.75,0.5558,271.01,0.6149,101.77,0.6596
634,407.0,0.6023,265.1,0.5477,99.91,0.5898
635,376.95,0.5141,254.48,0.5381,95.47,0.49
636,353.26,0.5452,232.97,0.5011,98.37,0.4797
637,336.64,0.4274,217.83,0.4099,81.45,0.4791
638,307.93,0.4471,201.34,0.3952,83.22,0.4925
639,291.47,0.3541,186.55,0.4795,77.3,0.4115
640,268.43,0.4487,165.48,0.4345,63.58,0.4407
641,254.28,0.3604,164.1,0.4121,71.01,0.3659
642,252.66,0.2926,138.22,0.164,67.7,0.2831
643,254.71,0.2557,147.22,0.2894,54.62,0.2238
644,273.93,0.2451,131.25,0.3244,40.41,0.2126
645,294.64,0.2428,135.65,0.3109,51.16,0.2814
646,301.89,0.2492,141.46,0.3136,52.51,0.3249
647,336.57,0.253,155.13,0.3806,47.97,0.3059
648,363.84,0.3353,164.48,0.3571,55.31,0.335
649,381.85,0.2888,177.44,0.384,63.47,0.3962
650,416.21,0.366,196.96,0.3956,60.6,0.3551
651,421.52,0.4844,230.23,0.402,65.95,0.438
652,442.54,0.4091,228.53,0.3952,75.05,0.4389
653,454.87,0.4446,250.16,0.4091,76.21,0.4563
654,461.42,0.5118,263.74,0.4962,93.91,0.4442
655,462.95,0.4798,260.2,0.4822,95.31,0.4872
656,438.0,0.4318,276.75,0.4073,97.59,0.4311
657,421.15,0.5929,260.5,0.5303,101.84,0.5818
658,409.27,0.4879,262.54,0.4999,104.45,0.4751
659,379.55,0.5225,246.63,0.579,105.92,0.5673
660,355.36,0.4465,241.98,0.4575,102.56,0.467
661,322.93,0.3871,220.98,0.5524,81.48,0.5257
662,309.22,0.4281,204.11,0.4497,84.58,0.5356
663,293.88,0.4317,192.3,0.4095,72.24,0.403
664,276.54,0.4273,162.54,0.4534,74.21,0.3912
665,253.93,0.4539,156.62,0.4174,69.58,0.4087
666,255.13,0.2422,148.15,0.1754,49.65,0.2478
667,264.23,0.255,147.57,0.2017,46.43,0.2574
668,273.45,0.2537,129.2,0.2653,48.3,0.3147
669,288.89,0.253,130.66,0.2126,50.74,0.2906
670,310.9,0.2259,153.55,0.3631,56.65,0.3254
671,332.0,0.3268,162.28,0.418,38.53,0.3688
672,416.13,0.4023,204.43,0.3167,62.01,0.3373
673,458.31,0.3554,217.06,0.3651,64.79,0.3644
674,481.73,0.406,242.93,0.4581,62.39,0.3489
675,497.5,0.4686,264.52,0.4259,72.2,0.4544
676,521.84,0.3543,289.0,0.3952,83.32,0.4831
677,538.09,0.4113,302.27,0.4377,87.44,0.3614
678,532.68,0.4566,309.31,0.4395,92.98,0.4188
679,526.62,0.4579,317.83,0.4061,99.72,0.4209
680,520.36,0.4322,316.26,0.3894,103.21,0.4471
681,501.83,0.6378,316.54,0.6152,105.81,0.5725
682,479.52,0.5246,317.68,0.5927,113.47,0.6095
683,446.66,0.5096,289.04,0.4793,121.44,0.5059
684,412.45,0.5416,270.48,0.4518,107.34,0.5075
685,389.51,0.5198,266.88,0.4906,99.02,0.4745
686,356.41,0.4305,243.9,0.5113,99.74,0.4361
687,334.1,0.4285,227.44,0.4107,98.51,1.166
688,319.71,0.4191,205.94,0.3807,83.01,0.3623
689,294.68,0.3371,177.81,0.4612,79.03,0.4099
690,307.27,0.2548,172.08,0.2571,69.26,0.2168
691,309.64,0.2614,166.24,0.2422,71.25,0.2876
692,307.01,0.273,153.69,0.3406,56.42,0.2552
693,330.8,0.3015,155.45,0.2866,55.17,0.2296
694,369.2,0.2936,166.03,0.3077,45.32,0.2336
695,386.48,0.3053,175.26,0.3019,57.92,0.3404
696,427.52,0.3432,206.64,0.4229,63.56,0.3294
697,453.46,0.4506,224.86,0.3614,56.82,0.4557
698,470.22,0.413,248.43,0.3724,69.07,0.4092
699,503.85,0.4465,251.53,0.344,68.19,0.4346
700,529.13,0.4401,289.34,0.442,80.55,0.5192
701,532.51,0.479,288.81,0.4398,83.99,0.4519
702,542.27,0.3629,310.21,0.4659,103.93,0.3914
703,541.42,0.4568,321.16,0.4934,114.51,0.4144
704,518.34,0.4019,317.96,0.4487,107.06,0.3825
705,498.71,0.5988,319.02,0.5436,112.07,0.506
706,475.75,0.6399,299.89,0.6095,120.53,0.5662
707,456.55,0.5157,301.58,0.5055,114.8,0.508
708,422.81,0.5722,275.65,0.5064,114.0,0.4949
709,392.55,0.4556,268.69,0.5012,106.12,0.5235
710,367.7,0.4413,241.85,0.4042,96.57,0.4442
711,343.39,0.4208,211.74,0.4344,97.7,0.4081
712,319.9,0.4257,202.83,0.3842,95.0,0.4573
713,304.62,0.4007,185.23,0.4254,83.91,0.3502
714,307.03,0.1769,163.51,0.2745,79.6,0.2526
715,297.59,0.2666,160.02,0.2276,61.84,0.3191
716,321.3,0.3548,153.46,0.3426,51.58,0.3203
717,332.38,0.3589,158.86,0.3076,59.17,0.2595
718,355.17,0.3672,173.05,0.2871,60.33,0.2953
719,396.75,0.299,192.03,0.2854,56.38,0.3314
720,417.14,0.3287,199.08,0.3751,55.39,0.3395
721,446.52,0.2956,210.3,0.3779,57.35,0.38
722,474.23,0.3353,233.3,0.4794,68.89,0.4795
723,498.96,0.4481,256.3,0.3982,81.66,0.4185
724,529.15,0.3553,275.36,0.4426,84.09,0.5284
725,529.87,0.4598,298.7,0.5101,83.79,0.4494
726,537.23,0.4583,312.06,0.5464,105.99,0.4213
727,542.04,0.4455,326.37,0.4936,98.65,0.5251
728,528.88,0.4486,324.25,0.3706,117.94,0.4328
729,511.51,0.6061,308.17,0.5917,108.1,0.5948
730,484.95,0.5683,307.11,0.5813,116.9,0.5854
731,444.16,0.5448,287.63,0.5208,120.2,0.5802
732,410.64,0.5311,274.87,0.4931,114.54,0.5048
733,385.25,0.5143,251.29,0.4635,102.93,0.5171
734,360.01,0.5231,237.09,0.4442,106.38,0.5007
735,338.26,0.4751,214.79,0.4479,86.51,0.3458
736,325.64,0.4559,202.36,0.4045,78.62,0.4024
737,305.22,0.4247,176.75,0.4393,79.78,0.3978
738,305.39,0.2505,169.29,0.2593,75.38,0.3067
739,312.18,0.3354,156.28,0.2284,57.41,0.2641
740,309.51,0.2501,167.17,0.2918,54.08,0.2842
741,341.58,0.2451,162.01,0.2716,48.63,0.238
742,355.64,0.3322,165.75,0.3188,57.77,0.2392
743,386.77,0.3818,189.02,0.3525,63.78,0.2368
744,418.95,0.369,198.67,0.3635,63.67,0.3082
745,459.24,0.3109,219.25,0.3377,73.26,0.2895
746,477.72,0.4331,243.16,0.3762,74.42,0.4032
747,507.17,0.4298,265.7,0.4072,78.67,0.4463
748,521.17,0.397,276.84,0.4486,94.95,0.5139
749,545.33,0.4993,301.71,0.4503,94.42,0.4472
750,549.19,0.4391,309.03,0.3702,105.95,0.4436
751,539.38,0.3705,311.03,0.3761,100.24,0.3968
752,526.32,0.5012,319.91,0.4825,109.97,0.4546
753,495.73,0.6543,315.01,0.5658,114.52,0.5041
754,478.65,0.527,313.28,0.5869,115.17,0.4737
755,448.81,0.4577,288.65,0.5068,107.71,0.5279
756,418.81,0.5714,277.72,0.4924,106.38,0.4451
757,382.37,0.4805,265.63,0.4784,101.48,0.4122
758,363.26,0.4637,248.07,0.3515,100.77,0.5057
759,328.9,0.4421,226.73,0.3588,99.83,0.4888
760,309.04,0.4769,193.98,0.3573,94.03,0.4617
761,296.59,0.3567,193.09,0.4025,85.61,0.3979
762,294.34,0.2874,179.46,0.3066,79.12,0.2961
763,304.08,0.2449,156.36,0.2366,55.61,0.2667
764,321.49,0.2733,167.21,0.2485,58.09,0.3358
765,340.35,0.292,159.23,0.2593,57.49,0.2453
766,360.47,0.2631,175.83,0.3762,47.39,0.3787
767,379.84,0.2587,185.26,0.3424,52.31,0.3343
768,410.24,0.3506,191.95,0.4038,60.97,0.3482
769,451.81,1.1037,209.32,0.3727,61.28,0.4041
770,478.32,0.4171,234.52,0.3957,63.75,0.4421
771,504.79,0.4143,257.99,0.4389,71.59,0.3947
772,515.98,0.4566,274.01,0.4643,76.5,0.4158
773,535.48,0.3728,296.37,0.4806,84.62,0.4414
774,547.63,0.378,302.4,0.4383,105.21,0.4902
775,531.07,0.4334,314.95,0.4173,106.71,0.3602
776,533.12,0.3991,312.62,0.479,115.68,0.4736
777,511.52,0.5891,326.51,0.6139,108.14,0.5315
778,487.24,0.5415,309.13,0.5615,121.1,0.5938
779,441.89,0.5257,303.94,0.5256,104.09,0.5564
780,427.49,0.5689,289.9,0.4529,104.04,0.5193
781,389.42,0.4454,266.84,0.3988,98.59,0.4671
782,363.38,0.5187,243.47,0.456,91.33,0.4228
783,343.85,0.4804,210.01,0.3991,87.03,0.439
784,319.76,0.4179,198.46,0.4181,92.21,0.3818
785,300.59,0.4634,182.82,0.436,81.57,0.4475
786,295.38,0.2353,160.96,0.3018,75.44,0.2807
787,312.02,0.1908,161.88,0.273,55.46,0.2736
788,324.17,0.2365,166.87,0.2371,61.48,0.2797
789,344.1,0.2296,169.87,0.3102,61.36,0.3107
790,369.18,0.3661,166.83,0.3599,48.76,0.21
791,390.41,0.3265,181.86,0.3203,61.5,0.2991
792,363.48,0.3912,161.74,0.3589,46.94,0.3864
793,377.81,0.4227,186.7,0.4302,54.33,0.3416
794,404.43,0.4353,203.45,0.4959,64.88,0.3856
795,421.7,0.4304,214.27,0.4296,56.58,0.4255
796,447.49,0.41,228.22,0.4397,75.25,0.4308
797,454.41,0.4662,259.6,0.4239,72.04,0.4646
798,463.74,0.4699,263.51,0.5118,84.97,0.4967
799,456.09,0.4197,273.4,0.4481,92.31,0.5236
800,448.39,0.4925,281.51,0.4869,86.85,0.4463
801,421.9,0.4886,267.25,0.6091,102.17,0.5465
802,409.58,0.5431,254.36,0.502,103.47,0.589
803,386.64,0.497,259.9,0.511,90.09,0.4504
804,360.48,0.5322,233.69,0.4631,99.19,0.5498
805,327.86,0.405,227.52,0.493,92.81,0.4048
806,297.11,0.4131,213.31,0.4569,90.91,0.5092
807,287.68,0.4969,179.41,0.4781,78.37,0.4069
808,262.79,0.5053,170.02,0.4334,64.76,0.3702
809,263.28,0.3614,155.81,0.3937,70.3,0.3716
810,262.67,0.223,146.17,0.3082,53.27,0.1847
811,249.08,0.2606,137.13,0.2232,55.26,0.2504
812,260.45,0.2544,136.45,0.3115,55.96,0.2558
813,290.36,0.3212,134.57,0.2935,40.47,0.3053
814,303.14,0.2593,142.24,0.3029,41.73,0.3781
815,338.57,0.2945,154.09,0.2641,47.01,0.3524
816,364.91,0.4052,162.2,0.3787,59.83,0.3977
817,387.1,0.3106,185.02,0.3864,45.41,0.3941
818,414.01,0.3426,205.25,0.4047,58.67,0.4388
819,428.75,0.4613,220.78,0.4288,56.82,0.425
820,446.66,0.4587,246.2,0.4934,77.2,0.4276
821,452.2,0.5055,257.31,0.3985,73.91,0.5168
822,450.62,0.4435,253.98,0.4641,80.44,0.506
823,456.39,0.4767,273.63,0.4044,90.44,0.4016
824,452.52,0.4348,267.76,0.4524,100.62,0.4393
825,439.11,0.5274,277.08,0.5845,97.51,0.5897
826,408.23,0.5453,261.65,0.5216,102.92,0.5238
827,374.82,0.5071,254.28,0.5149,90.74,0.4661
828,365.68,0.5306,244.45,0.493,90.4,0.4298
829,339.39,0.5067,229.19,0.4452,96.83,0.427
830,310.83,0.3838,199.71,0.4682,80.2,0.433
831,282.95,0.4148,188.35,0.4556,78.76,0.4589
832,264.22,0.3573,164.17,0.4639,73.13,0.3912
833,262.6,0.3208,149.6,0.3969,74.49,0.4106
834,259.07,0.2277,138.2,0.2434,67.44,0.2143
835,257.59,0.2468,133.61,0.2372,60.4,0.2753
836,260.62,0.317,128.79,0.2728,42.72,0.1865
837,290.32,0.2688,136.4,0.2396,48.23,0.2513
838,303.16,0.3372,149.4,0.2787,53.98,0.29
839,340.57,0.3986,150.27,0.3303,38.09,0.3045
840,410.53,0.3219,202.09,0.3182,61.77,0.2834
841,451.66,0.4001,227.34,0.3308,70.93,0.4367
842,476.47,0.3664,239.01,0.4702,65.54,0.3567
843,513.52,0.4057,261.48,0.4885,70.38,0.3881
844,526.59,0.3826,287.21,0.4734,82.05,0.5033
845,528.9,0.509,288.64,0.4951,91.66,0.4276
846,543.83,0.4559,318.46,0.4473,104.03,0.4486
847,527.75,0.3943,313.76,0.4203,115.05,0.5175
848,516.07,0.4421,325.19,0.4029,104.34,0.4107
849,510.53,0.6135,324.58,0.5185,106.67,0.6468
850,483.98,0.551,310.2,0.6366,107.86,0.5336
851,445.38,0.5138,304.43,0.5345,116.9,0.4364
852,429.45,0.4928,270.74,0.4951,115.83,0.4535
853,386.86,0.4641,263.14,0.5204,99.58,0.4897
854,352.82,0.4455,235.45,0.5193,103.79,0.4353
855,325.9,0.4032,223.94,0.3381,91.62,0.4435
856,320.65,0.447,199.94,0.4189,76.8,0.4456
857,304.51,0.4328,175.75,0.4364,71.12,0.4049
858,292.03,0.2499,175.13,0.2529,77.85,0.3111
859,310.13,0.2992,153.46,0.1683,69.13,0.1687
860,320.12,0.3126,169.71,0.2717,62.26,0.1738
861,331.18,0.2689,167.31,0.3165,51.52,0.3148
862,355.63,0.2468,170.22,0.2918,62.98,0.2505
863,397.37,0.357,174.97,0.2942,54.46,0.2811
864,410.92,0.288,193.58,0.3781,49.31,0.3379
865,445.59,0.3849,221.12,0.3974,70.3,0.3173
866,470.5,0.4378,230.95,0.4302,69.88,0.4461
867,511.09,0.3899,261.09,0.4978,70.39,0.4971
868,522.01,0.4415,288.26,0.3443,82.14,0.5264
869,528.3,0.4418,300.78,0.4736,95.91,0.4417
870,541.48,0.4603,300.0,0.4795,107.6,0.4106
871,543.55,0.4302,318.99,0.5132,112.19,0.4475
872,528.9,0.4433,320.09,0.4485,104.31,0.4821
873,506.79,0.6054,324.61,0.608,119.63,0.5212
874,474.96,0.5606,315.96,0.5412,109.86,0.5954
875,459.59,0.5356,291.7,0.5103,106.67,0.5258
876,420.76,0.4045,272.11,0.5097,106.4,0.4784
877,391.85,0.5249,261.98,0.5177,104.95,0.4843
878,367.41,0.4754,232.26,0.5045,91.68,0.4342
879,341.61,0.4248,214.62,0.4598,92.0,0.4638
880,320.93,0.3774,191.47,0.3538,80.06,0.3897
881,306.88,0.4273,176.71,0.3909,83.18,0.4832
882,301.19,0.2594,175.81,0.1708,79.54,0.2849
883,304.37,0.2601,165.23,0.273,66.8,0.2509
884,314.73,0.2685,154.69,0.3104,56.13,0.2102
885,336.43,0.2228,153.03,0.3025,59.01,0.2532
886,367.83,0.2718,161.84,0.3574,50.32,0.3587
887,390.1,0.3416,184.62,0.3524,62.62,0.357
888,415.38,0.3592,204.25,0.364,60.91,0.3432
889,461.03,0.3528,214.69,0.4145,66.78,0.3835
890,474.48,0.389,233.11,0.414,69.84,0.4039
891,509.19,0.4814,253.34,0.4212,87.14,0.4566
892,531.33,0.4337,284.87,0.4347,79.63,0.4294
893,543.82,0.42,296.37,0.454,98.68,0.5281
894,549.31,0.4155,299.83,0.4782,103.43,0.4183
895,534.61,0.4255,324.54,0.4271,104.23,0.4317
896,526.29,0.4273,322.16,0.3778,118.85,0.3816
897,510.57,0.572,318.76,0.5424,107.2,0.6278
898,489.44,0.5787,301.04,0.4988,112.78,0.5142
899,444.68,0.5361,301.13,0.5385,118.76,0.4465
900,425.16,0.4334,274.91,0.4669,116.4,0.49
901,384.34,0.4358,257.57,0.5044,109.15,0.4572
902,364.36,0.4518,242.01,0.4125,90.51,0.4598
903,333.46,0.4601,213.06,0.4111,86.27,0.4014
904,312.5,0.4482,202.17,0.3572,84.18,0.3998
905,294.52,0.4369,188.41,0.3736,76.33,0.3766
906,308.81,0.222,168.7,0.2349,70.57,0.1888
907,294.23,0.3119,160.79,0.3145,69.66,0.2122
908,313.29,0.2156,167.98,0.264,65.62,0.2512
909,342.35,0.2793,155.45,0.2889,54.9,0.249
910,350.84,0.2604,173.68,0.288,56.7,0.2433
911,392.21,0.3433,175.9,0.327,58.4,0.3187
912,428.09,0.3282,204.16,0.3415,54.92,0.3053
913,457.09,0.3953,214.48,0.3619,69.3,0.3822
914,472.48,0.4181,237.87,0.4287,60.76,0.4249
915,500.36,0.4729,267.5,0.427,78.06,0.4129
916,522.93,0.4302,274.29,0.362,81.11,0.4848
917,527.55,0.4619,288.57,0.4764,93.72,0.3755
918,543.24,0.4607,315.89,0.4414,98.18,0.452
919,545.82,0.4835,312.56,0.5183,105.09,0.4842
920,516.21,0.4256,319.75,0.3912,105.66,0.4529
921,511.74,0.5798,312.71,0.552,113.4,0.5658
922,486.49,0.5153,300.32,0.6257,116.65,0.5146
923,458.65,0.5526,286.74,0.5259,105.45,0.5033
924,419.6,0.4734,289.39,0.5904,103.17,0.4784
925,391.77,0.4816,267.84,0.5625,109.86,0.5086
926,352.1,0.3762,235.93,0.4464,90.22,0.4188
927,326.26,0.3867,226.87,0.4481,99.4,0.3698
928,308.17,0.4379,202.34,0.3699,92.18,0.4455
929,304.45,0.3847,177.79,0.4123,83.59,0.4466
930,302.3,0.27,178.58,0.1838,69.36,0.2705
931,311.72,0.2038,155.14,0.2954,55.52,0.2162
932,318.62,0.3142,166.01,0.2329,57.87,0.241
933,334.9,0.3216,168.68,0.234,55.87,0.2683
934,355.26,0.2673,165.45,0.2894,58.86,0.2853
935,382.79,0.3009,186.74,0.2816,65.18,0.2784
936,420.93,0.3404,205.49,0.4171,53.69,0.3814
937,448.6,0.3268,228.53,0.3826,64.68,0.3965
938,489.41,0.4004,231.82,0.406,75.0,0.4
939,506.1,0.4785,253.33,0.4329,70.36,0.362
940,518.35,0.4574,288.89,0.4553,75.84,0.39
941,537.61,0.4455,303.93,0.4162,97.28,0.4612
942,542.42,0.4031,309.89,0.4485,108.52,0.4169
943,540.02,0.4209,323.82,0.3999,99.35,0.4545
944,519.48,0.3778,317.57,0.4871,114.39,0.4624
945,513.57,0.6419,326.24,0.5954,122.44,0.5134
946,473.04,0.5399,302.63,0.627,118.98,0.5104
947,442.47,0.5424,288.27,0.4776,119.91,0.4852
948,425.34,0.4525,274.87,0.5298,110.88,0.468
949,392.08,0.4531,258.93,0.5247,105.37,0.4221
950,353.11,0.427,240.61,0.4428,91.46,0.496
951,340.9,0.4243,223.4,0.4661,92.49,0.3819
952,312.06,0.4345,201.32,0.4618,76.07,0.3668
953,313.08,0.4614,192.62,0.4508,86.02,0.4486
954,294.52,0.2774,160.92,0.2625,72.17,0.2297
955,310.41,0.2205,157.58,0.2292,72.72,0.2009
956,321.32,0.2337,169.77,0.3001,68.47,0.2524
957,332.26,0.2523,156.42,0.2379,52.88,0.3232
958,369.93,0.3128,167.07,0.2728,64.19,0.3235
959,387.83,0.2659,179.74,0.2957,56.11,0.2575
960,356.63,0.4208,163.69,0.2868,40.67,0.3354
961,386.81,0.4277,185.27,0.3966,58.15,0.3502
962,405.64,0.4353,199.02,0.4386,56.56,0.3732
963,421.97,0.4659,221.4,0.5159,66.64,0.3865
964,445.0,0.4617,241.15,0.4432,68.82,0.5047
965,451.49,0.4825,243.99,0.4444,76.23,0.5003
966,466.03,0.468,257.45,0.5076,86.11,0.5389
967,454.48,0.4027,273.87,0.4454,87.54,0.4402
968,451.46,0.4742,265.63,0.4783,104.31,0.3727
969,423.49,0.6107,269.59,0.5889,105.52,0.6284
970,402.55,0.4843,257.15,0.4753,97.0,0.5123
971,377.94,0.5549,249.8,0.5255,92.13,0.4899
972,362.65,0.4713,247.27,0.5069,90.1,0.4698
973,336.24,0.5004,212.39,0.4597,95.45,0.5268
974,298.67,0.5433,195.69,0.4741,79.13,0.4965
975,293.81,0.5008,181.72,0.448,82.69,0.4506
976,275.65,0.3528,160.18,0.4122,80.28,0.3454
977,264.12,0.4147,159.23,0.3646,59.08,0.3925
978,255.83,0.2508,154.33,0.2014,65.04,0.2738
979,263.73,0.2189,134.2,0.1732,61.02,0.3262
980,264.92,0.2696,144.78,0.2783,58.22,0.2351
981,292.25,0.3255,147.22,0.2124,48.15,0.2958
982,315.28,0.3709,151.41,0.3112,38.0,0.3069
983,324.28,0.3106,165.01,0.2944,41.85,0.3821
984,362.11,0.3765,167.5,0.3308,54.85,0.3649
985,392.14,0.3416,192.43,0.378,57.4,0.4477
986,407.28,0.4477,197.44,0.4781,69.17,0.339
987,438.76,0.425,218.5,0.3657,60.91,0.4723
988,449.96,0.4261,239.89,0.5159,69.61,0.4688
989,462.97,0.4473,254.13,0.4137,74.99,0.4092
990,468.99,0.4695,264.68,0.4736,84.2,0.5182
991,450.81,0.3542,265.83,0.3703,83.44,0.4989
992,450.9,0.4024,274.25,0.4611,95.92,0.4013
993,428.82,0.5887,262.06,0.5291,106.88,0.6038
994,411.34,0.5354,266.82,0.5039,105.25,0.4865
995,379.02,0.5281,251.72,0.4719,88.38,0.5632
996,350.78,0.5467,230.49,0.5603,94.92,0.5452
997,335.0,0.4954,214.17,0.5332,96.69,0.4582
998,314.9,0.4256,206.51,0.4659,89.31,0.4656
999,292.25,0.3849,188.89,0.3672,77.21,0.3537
1000,276.51,0.4008,171.69,0.3697,67.32,0.4409
1001,259.96,0.4653,146.25,0.4528,74.69,0.3677
1002,264.83,0.3093,147.49,0.2344,65.67,0.2659
1003,255.24,0.2568,130.45,0.2107,56.65,0.2325
1004,261.57,0.3282,136.11,0.2535,47.36,0.2306
1005,292.42,0.2731,134.04,0.2808,38.58,0.2862
1006,302.19,0.3012,139.31,0.2829,56.24,0.3003
1007,335.42,0.3211,154.74,0.2443,52.24,0.2569
1008,413.07,0.3198,207.23,0.2746,58.61,0.3227
1009,449.48,0.3264,209.62,0.3872,61.49,0.2897
1010,478.73,0.3912,246.72,0.3977,70.89,0.3925
1011,503.69,0.4223,251.88,0.4634,80.08,0.4246
1012,532.53,0.4774,285.3,0.5003,83.91,0.4433
1013,531.65,0.3835,295.01,0.4745,100.63,0.4405
1014,542.49,0.4339,313.23,0.3585,96.81,0.4823
1015,545.53,0.4247,322.81,0.4515,106.6,0.3881
1016,524.84,0.4286,312.32,0.4651,105.45,0.487
1017,508.5,0.5955,312.83,0.617,110.75,0.614
1018,486.23,0.5654,318.53,0.5812,121.69,0.5876
1019,443.45,0.5918,302.8,0.5545,109.6,0.5528
1020,422.58,0.5867,285.53,0.4512,109.53,0.5
1021,381.6,0.4567,256.23,0.4426,103.63,0.4493
1022,362.36,0.4598,244.69,0.4956,91.96,0.4461
1023,343.41,0.3551,226.03,0.3981,84.39,0.4892
1024,324.28,0.479,204.78,0.3366,88.11,0.4333
1025,297.43,0.3757,193.32,0.3695,84.21,0.4115
1026,304.33,0.2193,166.2,0.2241,75.2,0.2348
1027,300.15,0.2655,152.79,0.2695,57.15,0.2772
1028,324.68,0.2306,154.07,0.2833,65.75,0.2478
1029,337.3,0.2121,153.12,0.2583,62.0,0.2893
1030,354.22,0.3237,171.78,0.2817,61.29,0.3065
1031,382.48,0.3345,176.75,0.3547,49.4,0.2921
1032,415.33,0.3128,207.15,0.4324,54.98,0.2988
1033,442.92,0.3007,219.16,0.3115,60.07,0.3705
1034,479.43,0.3531,237.96,0.4278,60.36,0.3943
1035,496.3,0.4543,257.66,0.5107,79.98,0.4829
1036,517.48,0.4876,285.22,0.4627,89.92,0.4075
1037,534.35,0.4641,287.55,0.4214,86.81,0.523
1038,539.7,0.4673,303.56,0.4862,104.71,0.4557
1039,538.24,0.4498,314.58,0.5203,97.81,0.3986
1040,517.29,0.4232,316.45,0.4244,115.5,0.4007
1041,505.96,0.607,324.09,0.5662,108.33,0.5538
1042,480.29,0.5987,310.21,0.4745,107.17,0.5125
1043,446.48,0.5012,288.09,0.4526,112.77,0.4917
1044,419.96,0.5044,271.04,0.4697,115.06,0.4478
1045,394.99,0.4574,259.87,0.4297,107.91,0.508
1046,364.75,0.3948,230.72,0.4045,99.52,0.496
1047,341.01,0.4045,218.23,0.3996,99.8,0.4521
1048,315.13,0.4434,205.3,0.4495,90.31,0.4311
1049,305.21,0.3468,178.49,0.3868,79.78,0.3873
1050,304.7,0.2575,172.72,0.2933,79.6,0.2254
1051,304.47,0.2752,158.5,0.3161,56.07,0.3444
1052,314.67,0.2817,156.86,0.2583,64.39,0.2965
1053,336.59,0.3007,167.9,0.2789,59.76,0.3104
1054,365.66,0.3218,174.96,0.3702,49.8,0.2423
1055,391.93,0.301,175.44,0.3485,56.63,0.342
1056,427.79,0.3532,192.04,0.3172,55.76,0.3631
1057,450.99,0.3858,213.27,0.3867,68.93,0.4052
1058,477.35,0.3632,238.79,0.4051,61.66,0.4666
1059,507.25,0.4337,259.31,0.4973,69.7,0.418
1060,526.86,0.3797,283.8,0.4656,83.54,0.3691
1061,526.3,0.488,289.98,0.397,100.22,0.4486
1062,531.88,0.4791,300.6,0.425,106.65,0.4799
1063,537.49,0.4678,313.27,0.4983,97.36,0.3997
1064,521.36,0.5057,328.93,0.4771,111.24,0.3894
1065,503.91,0.5526,314.58,0.5612,110.83,0.5197
1066,483.79,0.5285,313.89,0.4988,124.47,0.5455
1067,453.57,0.4872,293.03,0.4484,110.87,0.5959
1068,416.62,0.4264,280.9,0.4861,112.65,0.5908
1069,380.0,0.4382,263.09,0.4885,113.02,0.5198
1070,352.01,0.4234,246.27,0.5457,95.44,0.3837
1071,334.19,0.4401,215.66,0.4912,96.56,0.4027
1072,318.33,0.4712,190.28,0.4536,84.76,0.3713
1073,296.21,0.3359,175.78,0.3304,68.05,0.3345
1074,309.22,0.2077,161.33,0.2017,71.66,0.1825
1075,303.62,0.2369,168.57,0.2063,57.89,0.3359
1076,325.86,0.264,167.04,0.294,53.53,0.1954
1077,325.33,0.2155,153.15,0.2834,60.7,0.2622
1078,361.14,0.2871,177.87,1.3782,58.61,0.2912
1079,379.14,0.3049,191.84,0.3628,65.54,0.3092
1080,425.98,0.3062,203.06,0.3939,54.16,0.3208
1081,446.41,0.3597,216.16,0.4004,56.11,0.3841
1082,480.12,0.3899,247.69,0.3956,76.02,0.4075
1083,497.48,0.4061,254.46,0.4194,71.36,0.4408
1084,525.16,0.3757,282.98,0.4175,75.37,0.4264
1085,533.54,0.4403,293.45,0.4968,83.39,0.4422
1086,533.8,0.4682,299.66,0.4205,94.35,0.4758
1087,535.14,0.4727,308.62,0.5141,100.69,0.4491
1088,533.25,0.3812,315.53,0.3948,107.84,0.4596
1089,510.8,0.5326,325.93,0.5881,111.43,0.5937
1090,471.75,0.5472,300.28,0.4749,112.31,0.6069
1091,454.52,0.5315,288.3,0.5057,107.97,0.5475
1092,428.54,0.4586,282.74,0.5757,119.55,0.5451
1093,396.81,0.4083,259.29,0.5083,109.19,0.4576
1094,350.51,0.4386,249.93,0.4524,90.6,0.3669
1095,328.86,0.4344,218.1,0.4614,89.71,0.3757
1096,313.04,0.3735,202.6,0.4422,76.18,0.4105
1097,306.13,0.4045,177.07,0.3981,85.23,0.4153
1098,297.79,0.2366,167.39,0.1597,72.96,0.1906
1099,309.66,0.2522,159.1,0.2509,55.59,0.2871
1100,309.42,0.3249,163.36,0.3036,57.85,0.2814
1101,341.09,0.2732,167.65,0.2441,48.16,0.3035
1102,364.42,0.362,168.43,0.2879,60.48,0.3504
1103,379.38,0.3872,183.48,0.3298,65.53,0.3197
1104,415.46,0.3964,200.56,0.3624,59.73,0.3463
1105,458.24,0.4222,226.35,0.415,69.8,0.3709
1106,486.87,0.3525,240.42,0.4407,67.39,0.3619
1107,496.03,0.4064,252.13,0.412,73.22,0.4336
1108,518.2,0.3866,280.04,0.3753,76.33,0.4427
1109,531.53,0.4965,295.0,0.3893,88.88,0.4569
1110,540.91,0.439,316.63,0.3865,103.57,0.3929
1111,537.8,0.437,322.12,0.4243,96.47,0.427
1112,516.93,0.4728,326.47,0.4731,104.75,0.4446
1113,499.1,0.5598,311.94,0.5674,111.1,0.6339
1114,470.95,0.6063,314.24,0.5523,114.9,0.5692
1115,459.75,0.5172,302.62,0.4779,114.87,0.57
1116,420.89,0.5327,281.35,0.4604,106.39,0.5014
1117,393.71,0.4422,270.3,0.5547,105.51,0.5307
1118,364.54,0.4965,246.6,0.4854,94.5,0.5115
1119,342.81,0.4083,225.28,0.4807,90.22,0.3792
1120,313.12,0.4012,201.66,0.3525,75.18,0.4519
1121,296.93,0.4849,188.65,0.4226,69.21,0.4128
1122,295.18,0.3099,176.03,0.2212,65.69,0.2651
1123,312.55,0.3107,161.38,0.2296,66.21,0.3083
1124,325.17,0.2191,155.53,0.3025,68.27,0.2559
1125,329.12,0.2192,166.25,0.2816,53.11,0.364
1126,350.66,0.3605,173.06,0.3207,64.54,0.3096
1127,397.64,0.3409,192.89,0.2506,59.35,0.3028
1128,361.88,0.2991,176.34,0.3645,45.79,0.3689
1129,375.54,0.4264,190.14,0.3098,56.66,0.3479
1130,412.76,0.3601,202.99,0.4431,49.79,0.3355
1131,430.44,0.348,219.32,0.4299,56.26,0.4663
1132,438.05,0.4451,235.16,0.5323,67.69,0.5237
1133,453.17,0.4779,244.85,0.4526,83.85,0.3771
1134,453.17,0.4335,256.25,0.4967,91.85,0.4619
1135,453.6,0.4648,278.96,0.4476,90.7,0.4166
1136,440.67,0.3901,280.48,0.4183,98.36,0.4321
1137,422.53,0.5499,265.13,0.5085,93.28,0.5924
1138,400.37,0.4679,258.64,0.5364,103.83,0.5413
1139,374.14,0.4876,245.0,0.5703,97.83,0.5468
1140,353.96,0.4889,247.6,0.4955,89.83,0.4259
1141,323.2,0.4469,226.69,0.486,82.08,0.4558
1142,298.49,0.4605,200.92,0.3833,89.07,0.4778
1143,289.02,0.3629,182.95,0.4645,71.31,0.4839
1144,269.51,0.3831,170.47,0.3927,63.42,0.4033
1145,255.26,0.4384,158.36,0.3534,61.39,0.44
1146,258.11,0.2251,143.38,0.2955,50.26,0.2954
1147,256.15,0.1746,142.8,0.2467,59.32,0.3343
1148,273.26,0.1677,127.55,0.2354,53.48,0.2315
1149,279.27,0.2782,140.07,0.2475,48.71,0.2438
1150,312.44,0.2452,152.16,0.3068,46.08,0.2934
1151,335.83,0.2639,159.21,0.3768,52.22,0.3615
1152,350.86,0.2679,170.44,0.3018,47.59,0.3838
1153,375.79,0.3711,182.66,0.3867,49.85,0.3481
1154,405.09,0.3954,210.19,0.4029,68.55,0.3979
1155,438.61,0.4321,223.45,0.4779,73.03,0.4498
1156,435.63,0.3661,239.3,0.3962,64.31,0.4919
1157,460.45,0.4501,244.42,0.4381,82.74,0.4534
1158,451.54,0.4635,272.51,0.4155,77.19,0.4009
1159,455.38,0.4709,264.53,0.4473,92.01,0.3917
1160,448.47,0.4428,266.96,0.439,93.2,0.4202
1161,425.77,0.5587,279.4,0.5173,105.65,0.656
1162,406.17,0.5629,268.65,0.5634,93.06,0.6069
1163,376.23,0.4687,242.38,0.5632,102.47,0.4878
1164,354.35,0.5824,242.79,0.5631,84.94,0.5444
1165,332.24,0.5123,211.98,0.5192,92.29,0.4584
1166,296.01,0.4065,204.32,0.4253,82.78,0.4724
1167,279.59,0.3595,192.48,0.3983,70.64,0.4006
1168,270.72,0.3907,173.48,0.4475,79.47,0.4298
1169,263.22,0.3876,160.47,0.397,65.42,0.3644
1170,264.78,0.2362,149.26,0.2838,65.72,0.252
1171,257.76,0.2604,128.56,0.2426,58.75,0.2141
1172,273.92,0.2707,134.67,0.3297,54.61,0.2232
1173,285.36,0.2851,134.05,0.311,45.85,0.2342
1174,302.77,0.2749,143.69,0.3403,45.36,0.3832
1175,338.83,0.3108,161.24,0.259,40.88,0.326
1176,416.21,0.3432,191.51,0.4292,62.87,0.3718
1177,450.5,0.4437,210.07,0.3488,61.18,0.3495
1178,485.94,0.3599,233.11,0.4563,67.32,0.3535
1179,502.56,0.3976,255.91,0.4153,86.1,0.4607
1180,533.0,0.4552,287.1,0.4563,89.96,0.4125
1181,525.98,0.406,302.19,0.4716,85.57,0.5059
1182,530.36,0.4559,313.25,0.5185,96.13,0.4142
1183,528.55,0.4493,326.58,0.4757,97.33,0.477
1184,532.34,0.4124,310.49,0.4296,112.92,0.4843
1185,499.81,0.557,324.53,0.6024,117.21,0.5298
1186,475.87,0.5593,306.32,0.5577,110.34,0.5201
1187,450.84,0.5016,301.37,0.466,122.58,0.4764
1188,410.75,0.5105,275.34,0.5213,114.43,0.4575
1189,380.08,0.5262,268.94,0.4675,98.25,0.4291
1190,355.22,0.5471,237.27,0.4013,104.3,0.4071
1191,332.18,0.4263,226.37,0.3502,84.62,0.4108
1192,317.77,0.4959,194.57,0.3865,87.29,0.4796
1193,297.84,0.3803,183.57,0.3705,72.64,0.4366
1194,309.85,0.3233,176.12,0.2394,65.76,0.2189
1195,303.6,0.2591,171.38,0.2743,55.9,0.292
1196,319.45,0.285,161.38,0.2278,60.03,0.243
1197,341.66,0.3317,167.96,0.2154,56.89,0.304
1198,360.52,0.35,172.27,0.3708,58.26,0.3526
1199,396.15,0.3809,191.44,0.3145,52.76,0.2436
1200,413.61,0.3778,194.63,0.3872,63.95,0.3095
1201,458.54,0.3811,220.43,0.3517,56.28,0.3165
1202,483.71,0.3345,242.15,0.3447,60.1,0.4398
1203,502.51,0.494,254.5,0.3344,77.27,0.3792
1204,518.39,0.4561,283.03,0.3994,75.51,0.4514
1205,538.67,0.4638,304.73,0.4107,86.12,0.4416
1206,533.78,0.5225,301.29,0.4627,96.63,0.4135
1207,544.42,0.4162,313.4,0.4957,104.0,0.4177
1208,524.56,0.4935,324.29,0.4766,117.69,0.4313
1209,511.75,0.6111,315.72,0.5208,119.38,0.5012
1210,480.73,0.6134,299.69,0.5846,121.87,0.6185
1211,450.2,0.4728,298.63,0.5582,122.28,0.5271
1212,426.36,0.4835,275.45,0.4333,108.2,0.466
1213,380.03,0.4366,253.71,0.5462,106.82,0.4513
1214,353.99,0.4464,249.05,0.4912,103.2,0.4989
1215,341.57,0.4277,217.62,0.454,86.87,0.39
1216,312.73,0.3877,199.45,0.3742,89.71,0.4597
1217,298.79,0.3717,179.69,0.4632,75.06,0.4764
1218,296.75,0.2787,171.09,0.2341,64.14,0.3158
1219,305.16,0.2297,168.46,0.258,67.27,0.194
1220,322.6,0.2685,169.63,0.2883,55.86,0.2393
1221,329.8,0.2461,158.44,0.263,58.43,0.2843
1222,361.92,0.3392,167.57,0.2346,50.02,0.2163
1223,392.87,0.2627,192.23,0.3381,59.62,0.3985
1224,427.52,0.3363,198.8,0.3792,60.15,0.3317
1225,460.74,0.4029,220.49,0.395,59.9,0.3511
1226,475.17,0.3739,241.91,0.3901,67.95,0.3924
1227,514.09,0.4641,267.41,0.4407,79.19,0.3921
1228,519.65,0.4862,280.77,0.4592,88.69,0.4352
1229,532.96,0.4489,292.92,0.4016,88.93,0.5234
1230,532.0,0.4492,300.75,0.4462,99.74,0.5052
1231,535.28,0.3929,307.88,0.4486,102.72,0.4605
1232,532.54,0.4481,323.03,0.4945,108.02,0.4639
1233,499.25,0.6342,307.59,0.5531,106.95,0.5997
1234,486.52,0.6123,306.86,0.5169,122.7,0.5517
1235,446.81,0.4594,295.96,0.5827,123.19,0.4894
1236,419.12,0.5333,278.9,0.5391,117.88,0.5158
1237,386.34,0.5042,256.79,0.5566,103.07,0.483
1238,354.39,0.4694,232.92,0.4396,102.52,0.4647
1239,338.58,0.4774,221.59,0.446,94.28,0.3474
1240,325.88,0.4225,207.29,0.3734,79.19,0.4954
1241,297.85,0.4314,184.84,0.433,84.73,0.4519
1242,297.3,0.3028,174.39,0.225,71.71,0.2656
1243,299.28,0.2023,168.31,0.2971,57.07,0.187
1244,309.05,0.2788,150.26,0.3185,66.35,0.2226
1245,341.55,0.2206,163.66,0.2429,49.43,0.2231
1246,365.93,0.3711,169.72,0.2838,63.09,0.3292
1247,384.33,0.3129,191.38,0.3579,61.34,0.3525
1248,412.59,0.3586,209.22,0.3155,65.51,0.4216
1249,450.19,0.4046,225.27,0.3522,66.0,0.3168
1250,477.15,0.3984,230.94,0.3455,70.36,0.371
1251,511.63,0.4815,257.58,0.4494,72.08,0.4828
1252,529.32,0.3732,276.19,0.4323,75.72,0.4153
1253,535.36,0.511,295.87,0.4312,83.54,0.3793
1254,533.45,0.4638,306.85,0.4836,109.76,0.3863
1255,537.62,0.4267,308.22,0.4999,112.34,0.4338
1256,515.92,0.4419,326.06,0.4092,116.85,0.4414
1257,505.27,0.6265,307.92,0.5688,123.95,0.5905
1258,473.81,0.5234,305.55,0.5574,110.8,0.4745
1259,450.91,0.5914,286.69,0.5923,106.82,0.513
1260,411.08,0.4954,284.47,0.4505,111.08,0.4578
1261,395.04,0.4485,257.51,0.4433,97.51,0.5221
1262,356.2,0.4424,241.22,0.4895,105.54,0.4697
1263,332.76,0.4192,213.3,0.4417,91.11,0.4338
1264,313.81,0.3812,201.45,0.3996,86.21,0.3768
1265,298.19,0.3998,189.38,0.4208,71.73,0.39
1266,293.97,0.2314,161.78,0.3123,64.25,1.8077
1267,308.08,0.2592,157.46,0.2377,67.71,0.2837
1268,310.16,0.2371,160.43,0.2073,60.89,0.2572
1269,336.77,0.3156,166.88,0.3046,57.17,0.2051
1270,363.93,0.3156,178.44,0.2653,63.54,0.2737
1271,391.55,0.3372,189.58,0.312,64.74,0.3501
1272,426.9,0.3253,205.51,0.3389,66.62,0.2705
1273,453.66,0.3852,209.66,0.3373,69.83,0.4262
1274,486.48,0.3815,242.39,1.6842,67.53,0.3811
1275,512.43,0.4503,251.66,0.4668,67.25,0.4065
1276,519.6,0.4882,283.3,0.4665,82.58,0.3951
1277,530.73,0.4517,303.47,0.3866,92.58,0.4326
1278,541.42,0.5145,308.13,0.4238,90.91,0.4524
1279,538.13,0.3701,315.58,0.4379,112.91,0.4841
1280,529.09,0.4169,319.34,0.5319,112.42,0.3662
1281,497.2,0.563,323.95,0.5706,118.18,0.5996
1282,488.86,0.5724,316.14,0.5689,124.23,0.5545
1283,458.11,0.544,300.59,0.5659,119.08,0.4911
1284,414.77,0.4598,288.97,0.5234,112.15,0.5376
1285,379.89,0.4409,270.17,0.4854,106.63,0.5158
1286,357.31,0.4564,243.69,0.4215,109.79,0.4143
1287,343.83,0.444,211.2,0.4433,92.84,0.4336
1288,310.44,0.4266,207.39,0.4102,80.85,0.4145
1289,312.41,0.4677,191.08,0.3321,83.37,0.4173
1290,307.02,0.2674,177.5,0.2533,64.44,0.3338
1291,304.58,0.261,167.89,0.271,53.85,0.2768
1292,311.27,0.2946,156.83,0.2472,63.13,0.2624
1293,341.63,0.3373,164.55,0.2865,60.46,0.3015
1294,368.13,0.3105,178.58,0.2694,55.31,0.3827
1295,392.25,0.3593,189.5,0.299,51.07,0.2922
1296,348.86,0.3266,179.96,0.3831,55.45,0.3641
1297,377.85,0.4488,190.72,0.3899,50.58,0.4277
1298,410.07,0.4218,210.67,0.4392,59.29,0.3767
1299,436.7,0.4144,212.78,0.423,60.31,0.408
1300,437.91,0.3791,244.74,0.392,62.49,0.4429
1301,448.37,0.4215,259.16,0.42,78.36,0.4047
1302,454.35,0.4803,269.76,0.4996,88.38,0.4721
1303,450.35,0.4762,263.57,0.4624,85.36,0.5362
1304,438.48,0.4373,280.33,0.4618,86.05,0.4719
1305,426.28,0.5182,262.6,0.6125,97.99,0.5561
1306,411.91,0.5814,264.86,0.5551,90.17,0.5177
1307,386.19,0.4578,242.81,1.7657,103.3,0.6108
1308,358.67,0.4159,245.94,0.4981,100.56,0.4442
1309,335.19,0.4804,222.71,0.4248,83.59,0.5166
1310,297.2,0.415,212.5,0.5413,81.21,0.4783
1311,293.66,0.4753,193.88,0.4468,77.12,0.4734
1312,262.54,0.3927,177.32,0.4334,80.32,0.4304
1313,266.77,0.3315,158.28,0.3802,64.49,0.4389
1314,253.84,0.2537,149.52,0.2282,64.79,0.2082
1315,262.2,0.2968,131.52,0.2175,58.35,0.1855
1316,276.38,0.2865,129.98,0.3235,47.81,0.2837
1317,286.47,0.3139,132.42,0.2106,54.71,0.3645
1318,308.69,0.324,146.13,0.29,46.94,0.3203
1319,332.1,0.3193,147.71,0.2871,38.66,0.3546
1320,347.61,0.3308,166.41,0.3036,59.4,0.4196
1321,385.68,0.4297,192.32,0.3645,51.58,0.3607
1322,417.56,0.4302,201.87,0.3377,62.23,0.389
1323,420.23,0.4232,213.58,0.3641,58.16,0.4817
1324,439.43,0.4239,247.44,0.409,79.21,0.4421
1325,450.4,0.4318,256.88,0.4972,76.45,0.4456
1326,450.36,0.4417,266.96,0.4345,86.08,0.4334
1327,454.61,0.4415,260.9,0.4787,91.24,0.366
1328,440.09,0.4342,268.74,0.4711,87.11,0.4213
1329,421.56,0.4956,275.9,0.5721,100.75,0.5584
1330,404.01,0.5678,266.51,0.5171,92.12,0.5126
1331,381.33,0.5452,251.08,0.538,101.27,0.5125
1332,355.69,0.52,234.1,0.4794,93.69,0.5819
1333,336.11,0.4907,225.19,0.4995,81.46,0.4478
1334,301.22,0.4123,211.41,0.3623,90.1,0.4277
1335,288.11,0.3819,188.71,0.4862,86.39,0.3465
1336,263.44,0.4266,176.92,0.4212,74.35,0.3909
1337,253.92,0.4302,164.48,0.3846,57.02,0.4393
1338,245.33,0.3187,152.46,0.2804,57.07,0.2546
1339,268.13,0.3233,135.24,0.2863,45.18,0.2656
1340,266.54,0.2347,129.21,0.2705,41.3,0.2868
1341,289.52,0.2952,140.37,0.2174,47.05,0.3091
1342,308.92,0.3636,148.91,0.2952,52.21,0.3113
1343,323.23,0.2943,161.79,0.3744,41.23,0.3201
1344,413.05,0.3142,197.12,0.4248,63.52,0.3563
1345,446.82,0.3951,218.95,0.3296,72.13,0.3977
1346,470.73,0.4404,243.0,0.4106,76.52,0.4456
1347,514.18,0.4337,254.66,0.4429,72.49,0.4033
1348,516.6,0.4177,275.1,0.4718,84.59,0.4364
1349,542.2,0.4193,302.94,0.4468,102.36,0.4483
1350,547.86,0.4469,303.56,0.4568,90.96,0.4997
1351,539.13,0.4992,320.4,0.4249,96.91,0.4455
1352,526.26,0.3813,319.66,0.4889,120.61,0.4855
1353,509.98,0.5525,317.66,0.6164,116.12,0.6555
1354,482.05,0.5291,318.85,0.5974,116.7,0.5635
1355,458.37,0.4707,288.1,0.5407,112.81,0.5433
1356,423.28,0.4757,271.21,0.5654,116.79,0.5576
1357,397.04,0.4942,252.95,0.4529,106.46,0.5706
1358,351.76,0.4279,247.6,0.4291,90.49,0.5193
1359,327.48,0.462,216.33,0.5138,89.7,0.3991
1360,321.9,0.4443,193.99,0.4201,92.42,0.4393
1361,309.28,0.4378,177.62,0.3637,73.56,0.4145
1362,302.51,0.2332,171.86,0.2617,61.67,0.2303
1363,299.57,0.294,153.29,0.2488,60.78,0.245
1364,309.46,0.2895,161.37,0.2429,54.45,0.2582
1365,329.69,0.2397,168.18,0.3484,47.62,0.2385
1366,353.92,0.3572,166.66,0.3358,60.21,0.3228
1367,395.25,0.3787,189.57,0.3271,47.35,0.3705
1368,410.77,0.2843,206.99,0.387,63.27,0.3442
1369,454.86,0.4076,226.87,0.3463,55.55,0.3436
1370,486.74,0.3795,231.1,0.4583,76.77,0.3896
1371,496.79,0.4033,261.19,0.4588,79.59,0.4627
1372,521.72,0.3933,275.0,0.4598,76.02,0.3714
1373,545.56,0.3943,303.89,0.4818,88.48,0.4827
1374,534.16,0.4236,318.23,0.5367,101.91,0.5111
1375,527.83,0.4798,311.18,0.5053,102.45,0.4491
1376,516.63,0.449,317.21,0.475,105.14,0.4645
1377,502.37,0.6123,324.41,0.5516,122.68,0.528
1378,472.99,0.542,317.13,0.483,122.04,0.5564
1379,456.0,0.6105,288.45,0.5896,114.8,0.5429
1380,414.18,0.4608,282.05,0.5101,118.98,0.4483
1381,380.33,0.4169,261.67,0.4394,101.16,0.4607
1382,356.78,0.4727,230.49,0.4187,95.96,0.4439
1383,332.94,0.4241,228.53,0.3689,82.93,0.4223
1384,310.98,0.4359,205.98,0.4173,78.24,0.3587
1385,314.08,0.4225,187.57,0.3806,77.65,0.385
1386,290.34,0.2918,161.7,0.1675,68.59,0.2084
1387,311.79,0.237,171.55,0.2683,63.51,0.2872
1388,308.18,0.2491,157.75,0.2556,60.64,0.3216
1389,345.08,0.218,157.53,0.2624,58.17,0.3076
1390,350.48,0.3165,166.2,0.2923,53.06,0.3132
1391,382.67,0.3218,176.07,0.3362,60.68,0.3231
1392,413.13,0.3313,202.6,0.3541,51.5,0.2829
1393,452.68,0.4011,228.45,0.4064,56.15,0.4441
1394,489.85,0.4716,239.18,0.4594,62.62,0.3864
1395,508.76,0.3644,261.48,0.4721,86.1,0.3983
1396,521.27,0.4288,270.68,0.4892,92.27,0.4417
1397,542.99,0.4819,299.15,0.3948,100.76,0.378
1398,530.83,0.493,313.48,0.4834,92.29,0.4095
1399,545.23,0.3975,319.77,0.4639,116.02,0.4942
1400,525.67,0.4503,313.49,0.429,111.28,0.3741
1401,507.53,0.6544,308.72,0.5948,104.17,0.5569
1402,478.33,0.5703,306.13,0.5604,114.52,0.514
1403,458.69,0.4888,293.67,0.5181,121.68,0.4754
1404,414.89,0.5321,275.66,0.5162,105.96,0.5222
1405,380.56,0.4353,259.35,0.5075,99.85,0.4638
1406,363.19,0.3693,237.24,0.4372,95.84,0.4077
1407,334.08,0.3444,223.53,0.5181,101.88,0.3939
1408,315.29,0.3885,190.34,0.458,84.6,0.4947
1409,301.85,0.4661,178.41,0.4175,85.03,0.438
1410,296.72,0.331,175.2,0.2217,65.27,0.264
1411,295.76,0.2006,167.11,0.2164,69.83,0.2336
1412,311.28,0.3422,157.3,0.2692,62.61,0.2683
1413,334.59,0.3161,163.8,0.3582,50.4,0.2081
1414,368.12,0.2414,178.93,0.3495,59.87,0.359
1415,380.95,0.2679,187.41,0.314,59.79,0.3434
1416,416.41,0.3747,193.87,0.35,67.88,0.3182
1417,445.56,0.3858,215.18,0.3801,69.67,0.3523
1418,485.78,0.4455,247.76,0.3513,67.81,0.3783
1419,502.85,0.4409,261.66,0.4487,85.82,0.4414
1420,526.04,0.5114,277.07,0.4045,94.38,0.4454
1421,545.81,0.4265,305.23,0.4939,90.22,0.4438
1422,548.37,0.4571,314.67,0.458,98.17,0.4775
1423,534.6,0.4671,323.4,0.4705,107.49,0.4871
1424,514.0,0.3887,316.63,0.3736,113.59,0.3624
1425,512.6,0.6062,311.5,0.5286,108.81,0.6557
1426,470.75,1.2834,302.95,0.4748,112.23,0.574
1427,459.78,0.5218,302.43,0.4515,111.43,0.4873
1428,417.05,0.5625,281.93,0.5124,114.9,0.5184
1429,386.63,0.4425,264.83,0.5421,102.5,0.4751
1430,365.36,0.3654,234.69,0.4494,100.32,0.3987
1431,341.16,0.3845,225.05,0.4848,96.98,0.4057
1432,308.93,0.4109,192.56,0.4019,86.0,0.4837
1433,297.64,0.4778,191.91,0.4048,67.41,0.3566
1434,298.94,0.1535,174.25,0.2211,63.7,0.2403
1435,313.19,0.2964,160.73,0.1989,69.74,0.2484
1436,308.47,0.2983,163.01,0.2571,64.05,0.2849
1437,333.26,0.2902,155.56,0.312,64.37,0.2861
1438,365.15,0.2713,164.55,0.3572,58.81,0.2536
1439,396.48,0.3389,175.51,0.301,51.58,0.3251
1440,425.62,0.4443,201.09,0.2985,64.66,0.3633
1441,455.92,0.3656,228.46,0.4053,66.06,0.4552
1442,482.67,0.3866,247.51,0.3783,70.86,0.3639
1443,507.2,0.3945,257.61,0.409,69.7,0.4706
1444,529.41,0.5198,271.79,0.4418,89.16,0.3727
1445,543.15,0.5136,290.0,0.5092,84.2,0.4861
1446,543.19,0.4076,302.08,0.423,90.2,0.3986
1447,545.36,0.4242,318.27,0.4786,114.33,0.4681
1448,532.49,0.3559,311.08,0.399,103.17,0.5155
1449,511.66,0.5332,314.91,0.5751,110.62,0.6078
1450,477.84,0.5105,311.73,0.5686,116.46,0.5871
1451,454.82,0.5607,303.18,0.5282,106.15,0.4587
1452,419.49,0.4407,287.91,0.5037,109.72,0.4924
1453,395.7,0.5213,251.32,0.5475,114.15,0.476
1454,369.57,0.419,240.01,0.4813,102.86,0.524
1455,341.32,0.4292,217.42,0.3939,83.74,0.4004
1456,319.66,0.3321,194.12,0.4481,87.21,0.3333
1457,311.89,0.4183,180.8,0.3795,70.33,0.4743
1458,308.39,0.2292,173.89,0.2547,72.2,0.2011
1459,313.88,0.3105,161.53,0.3172,73.42,0.2759
1460,320.64,0.2692,160.22,0.2036,61.47,0.1806
1461,340.1,1.6992,166.82,0.3069,51.77,0.2151
1462,363.68,0.2931,177.69,0.3898,60.78,0.2144
1463,393.82,0.2506,181.06,0.3151,58.63,0.3656
1464,351.45,0.3284,178.79,0.2877,43.6,0.3171
1465,375.4,0.3498,185.36,0.425,44.57,0.4153
1466,413.62,0.465,213.48,0.3576,68.36,0.3257
1467,422.75,0.4289,221.73,0.4273,63.96,0.3881
1468,448.8,0.4841,235.72,0.4438,70.21,0.5056
1469,448.55,0.3612,250.73,0.5096,68.93,0.4488
1470,464.89,0.5302,253.62,0.4975,86.87,0.4895
1471,454.35,0.4032,268.5,0.4549,99.23,0.4235
1472,442.72,0.414,272.76,0.4828,103.07,0.3588
1473,427.94,0.6371,261.99,0.5718,90.66,0.5868
1474,401.44,0.5429,263.25,0.5532,99.77,0.57
1475,383.2,0.5786,251.16,0.5134,87.15,0.4576
1476,360.82,0.5321,240.06,0.5429,93.65,0.5349
1477,326.1,0.4482,229.25,0.5094,91.66,0.4889
1478,308.1,0.4337,206.04,0.4988,85.6,0.3871
1479,292.61,0.4967,192.86,0.5074,70.47,0.428
1480,268.01,0.3623,173.49,0.4281,77.51,0.4208
1481,261.84,0.4077,147.07,0.4195,65.65,1.7367
1482,263.29,0.2063,141.97,0.2369,55.1,0.3108
1483,256.86,0.2463,143.27,0.269,63.16,0.2387
1484,270.86,0.2406,141.13,0.2806,57.5,0.2212
1485,280.12,0.3377,132.15,0.2578,43.95,0.2389
1486,309.93,0.3831,137.17,0.362,54.52,0.3708
1487,324.8,0.3237,163.69,0.2979,42.21,0.2566
1488,366.01,0.3664,175.38,0.3236,40.2,0.3046
1489,374.96,0.3991,190.46,0.3883,59.93,0.3472
1490,398.73,0.4458,211.31,0.3876,50.69,0.3671
1491,435.95,0.4275,218.77,0.5038,58.63,0.4321
1492,436.16,0.3694,245.57,0.4325,79.29,0.4054
1493,455.78,0.4104,249.52,0.4542,69.02,0.4562
1494,462.75,0.4101,260.17,0.4617,80.01,0.4861
1495,450.3,0.4352,262.81,0.4841,99.91,0.4924
1496,444.48,0.5143,265.38,0.4671,101.53,0.5103
1497,426.41,0.575,266.67,0.4983,96.86,0.523
1498,400.05,0.5508,268.76,0.5659,100.47,0.5801
1499,387.84,0.5443,259.66,0.602,92.37,0.5318
1500,355.82,0.4392,241.94,0.5322,91.28,0.552
1501,323.73,0.559,227.88,0.5528,81.47,0.5204
1502,315.78,0.4521,213.06,0.4069,80.24,0.4759
1503,281.4,0.4045,191.74,0.4075,69.08,0.424
1504,267.28,0.3309,174.05,0.3701,62.88,0.3377
1505,267.79,0.4777,148.32,0.3715,70.5,1.7119
1506,254.97,0.2259,154.38,0.2763,56.56,0.2502
1507,254.04,0.2489,146.78,0.2924,58.15,0.2488
1508,272.08,0.3387,140.07,0.2241,50.87,0.2549
1509,294.07,0.2565,134.88,0.2138,50.45,0.3481
1510,315.68,0.3029,135.14,0.3234,55.93,0.305
1511,327.55,0.2896,150.38,0.2662,53.49,0.354
1512,410.17,0.3602,193.53,0.2957,55.86,0.2856
1513,443.85,0.3649,210.69,0.459,72.78,0.3605
1514,488.16,0.413,244.02,0.4548,76.81,0.3485
1515,505.79,0.4933,268.39,0.4418,72.4,0.3872
1516,529.91,0.4197,279.33,0.5019,84.62,1.3377
1517,530.84,0.3647,298.5,0.4446,86.03,0.5071
1518,539.29,0.4647,315.1,0.4844,100.34,0.4718
1519,534.78,0.5016,312.05,0.4036,105.08,0.4474
1520,526.28,0.4446,318.38,0.4443,104.77,0.4262
1521,509.06,0.5461,308.24,0.5575,115.46,0.5379
1522,470.25,0.5717,312.0,0.5781,106.64,0.5985
1523,460.18,0.6054,289.7,0.5772,123.11,0.5945
1524,423.04,0.5272,288.23,0.517,105.38,0.5319
1525,388.47,0.4766,253.41,0.4237,99.59,0.4541
1526,366.35,0.5065,246.59,0.4493,105.42,0.3992
1527,339.35,0.4437,223.26,0.4397,90.18,0.3558
1528,311.32,0.4026,199.97,0.4288,88.11,0.3508
1529,313.31,0.416,185.3,0.3569,68.63,0.371
1530,294.1,0.2012,169.62,0.2161,62.17,0.2876
1531,294.97,0.197,158.02,0.2418,67.51,0.2073
1532,315.34,0.2472,165.38,0.2075,64.18,0.2339
1533,331.97,0.2436,165.29,0.2498,58.85,0.3013
1534,354.13,0.266,179.05,0.325,52.58,1.4456
1535,380.01,0.3436,187.71,0.3385,47.28,0.3559
1536,420.12,0.259,198.85,0.373,61.14,0.3499
1537,448.82,0.329,226.27,0.3467,69.88,0.4246
1538,488.06,0.4057,234.15,0.4279,79.24,0.3463
1539,504.16,0.4613,251.12,0.4552,85.48,0.4093
1540,528.67,0.4696,273.54,0.4972,83.61,0.5071
1541,545.01,0.4384,289.05,0.4393,88.22,0.5313
1542,534.42,0.4456,304.77,0.4297,100.41,0.4019
1543,531.04,0.4259,325.92,0.4598,96.5,0.4827
1544,533.26,0.4415,319.04,0.4584,101.73,0.4954
1545,512.97,0.5608,310.37,0.4854,120.05,0.5672
1546,484.69,0.5225,301.91,0.5181,117.04,0.5698
1547,444.19,0.5282,303.37,0.5057,120.7,0.5715
1548,421.69,0.4866,280.57,0.4909,106.85,0.5397
1549,395.79,0.4926,251.52,0.5459,101.55,0.5044
1550,362.86,0.4301,237.1,0.4588,106.67,0.4373
1551,329.76,0.391,227.4,0.3701,95.05,0.484
1552,324.18,0.3552,207.35,0.451,91.8,0.445
1553,294.48,0.3339,177.25,0.4357,70.48,0.3449
1554,306.72,0.2628,170.56,0.1842,74.64,0.2583
1555,310.65,0.2543,157.54,0.2239,57.54,0.2554
1556,325.58,0.1911,160.87,0.2593,52.29,0.2513
1557,332.38,0.347,158.69,0.2372,52.71,0.2278
1558,363.75,0.3468,174.44,0.3409,56.05,0.3789
1559,379.8,0.2997,187.71,0.2741,58.89,0.3642
1560,426.87,0.2971,208.62,0.3,60.79,0.2966
1561,458.65,0.443,218.05,0.3588,71.73,0.3058
1562,486.72,0.4213,241.01,0.3836,64.55,0.4675
1563,503.22,0.4287,270.41,0.3906,78.41,0.3991
1564,516.82,0.4681,271.52,0.4235,85.3,0.4243
1565,542.68,0.5158,300.9,0.4713,97.61,0.3655
1566,535.6,0.4536,301.99,0.4949,107.18,0.4619
1567,526.62,0.4574,324.61,0.4209,115.06,0.4525
1568,521.15,0.4022,324.41,0.5116,101.29,0.421
1569,495.95,0.6424,311.35,0.5621,109.23,0.5174
1570,483.39,0.4985,301.07,0.5004,107.37,0.5918
1571,442.7,0.4947,306.56,0.5731,116.9,0.5178
1572,420.21,0.484,273.37,0.5592,113.16,0.5024
1573,388.57,0.4435,254.3,0.399,99.38,0.5339
1574,366.03,0.5189,244.48,0.3916,109.99,0.5237
1575,335.9,0.407,216.94,0.3967,93.39,0.3503
1576,320.19,0.3367,207.08,0.3821,81.58,0.3718
1577,294.83,0.3551,185.64,0.3924,70.55,0.413
1578,294.12,0.2655,163.68,0.2789,75.4,0.2611
1579,299.0,0.2192,162.69,0.2325,68.75,0.2465
1580,322.85,0.3173,154.25,0.256,63.42,0.2759
1581,338.47,0.3313,156.68,0.1953,55.0,0.3356
1582,368.07,0.3314,166.26,0.3224,49.69,0.3324
1583,380.81,0.3085,188.87,0.3354,50.92,0.3353
1584,411.84,0.4148,190.78,0.3706,67.07,0.3876
1585,457.07,0.4591,209.56,0.3611,60.12,0.4026
1586,472.67,0.3343,246.38,0.4094,66.95,0.4628
1587,500.29,0.4227,256.83,0.3646,84.62,0.4178
1588,522.1,0.4742,280.82,0.374,76.42,0.4201
1589,544.92,0.4659,292.0,0.428,98.19,0.4211
1590,547.52,0.4075,318.64,0.4891,105.36,0.4341
1591,533.94,0.445,311.13,0.4639,100.05,0.4056
1592,526.19,0.4699,329.22,0.4633,117.35,0.3921
1593,510.1,0.5265,316.12,0.6428,121.53,0.551
1594,474.62,0.523,305.85,0.5043,117.61,0.6123
1595,452.84,0.5036,305.37,0.4976,104.82,0.4932
1596,424.38,0.4183,280.93,0.545,101.14,0.4272
1597,395.48,0.4353,266.91,0.5401,113.94,0.5715
1598,367.64,0.4252,244.51,0.4202,100.62,0.4513
1599,327.4,0.4054,213.39,0.4031,86.15,0.464
1600,319.92,0.3924,190.15,0.366,79.55,0.4816
1601,298.01,0.4511,182.88,0.4228,69.17,0.3654
1602,293.4,0.2998,177.53,0.1944,65.36,0.2158
1603,294.6,0.2876,170.25,0.1741,64.36,0.301
1604,311.4,0.253,160.49,0.201,51.54,0.2731
1605,333.02,0.3389,162.21,0.3281,47.7,0.2929
1606,350.18,0.2693,165.79,0.2678,53.55,0.2892
1607,390.07,0.3826,189.14,0.3412,54.73,0.2879
1608,422.31,0.3577,192.89,0.3115,59.27,0.2973
1609,456.57,0.4274,213.46,0.3653,54.68,0.452
1610,477.86,0.3896,242.77,0.4434,60.9,0.4579
1611,501.91,0.3704,259.46,0.3995,76.7,0.462
1612,515.42,0.3866,288.67,0.4206,91.38,0.3851
1613,540.4,0.4251,304.52,0.4806,85.04,0.453
1614,541.34,0.457,309.13,0.4267,91.7,0.459
1615,526.4,0.4211,315.98,0.4715,110.49,0.4682
1616,526.65,0.4628,322.47,0.4187,110.63,0.4259
1617,500.03,0.5705,316.21,0.5873,111.64,0.58
1618,483.98,0.5358,311.07,0.6033,111.57,1.7421
1619,460.18,0.5308,302.44,0.568,105.25,0.514
1620,423.45,0.4928,279.1,0.4338,114.86,0.4902
1621,389.12,0.5318,259.63,0.434,96.29,0.501
1622,363.36,0.443,239.96,0.512,97.53,0.4346
1623,337.11,0.4028,214.19,0.3433,102.2,0.3972
1624,325.89,0.362,201.35,0.4087,82.27,0.4754
1625,307.57,0.3844,185.99,0.4245,84.84,0.3811
1626,308.49,0.2649,176.92,0.2146,71.07,0.3123
1627,309.81,0.2314,165.21,0.2157,71.38,0.2479
1628,311.05,0.2351,164.19,0.2628,51.09,0.1815
1629,338.71,0.2626,168.1,0.2642,49.25,0.3278
1630,359.0,0.2609,179.67,0.2839,60.19,0.2518
1631,380.18,0.2939,185.15,0.2617,61.35,0.294
1632,354.91,0.3596,172.62,0.3754,51.2,0.3484
1633,380.39,0.3728,189.32,0.418,57.52,0.326
1634,411.72,0.3689,212.78,0.3955,65.75,0.3421
1635,425.38,0.3786,217.8,0.4418,62.52,0.41
1636,447.41,0.4058,247.56,0.4094,81.29,0.4717
1637,455.38,0.4639,249.33,0.4195,74.64,0.385
1638,451.64,0.4426,265.28,0.4276,84.65,0.3815
1639,465.23,0.5373,272.06,0.4616,92.99,0.4147
1640,444.27,0.395,263.82,0.4577,87.4,0.4425
1641,422.09,0.572,262.4,0.5546,105.84,0.618
1642,406.89,0.5367,258.58,0.5752,88.03,0.4734
1643,379.24,0.531,243.21,0.5369,103.58,0.5368
1644,364.45,0.4743,247.91,0.4584,101.04,0.5312
1645,325.15,0.5388,214.3,0.5045,84.61,0.4909
1646,305.59,0.4734,200.34,0.5313,92.48,0.3692
1647,285.92,0.4288,181.84,0.5005,83.2,0.5054
1648,274.34,0.3819,163.84,0.4918,66.12,0.445
1649,262.21,0.361,156.77,0.3603,64.55,0.412
1650,247.41,0.2393,139.82,0.2415,62.18,0.2602
1651,258.6,0.2727,136.24,0.2077,57.33,0.2307
1652,275.88,0.2802,135.64,0.2613,41.83,0.2329
1653,276.25,0.318,146.73,0.2608,55.64,0.2612
1654,300.63,0.3257,143.99,0.3195,42.65,0.2809
1655,340.06,0.306,146.09,0.3688,53.87,0.3416
1656,361.84,0.3177,170.91,0.373,56.76,0.3998
1657,388.41,0.4142,183.14,0.4142,51.81,0.3077
1658,405.87,0.4299,207.81,0.4173,52.28,0.3539
1659,430.37,0.4526,225.45,0.3314,58.61,0.407
1660,444.89,0.3539,229.22,0.3878,70.42,0.4304
1661,453.37,0.4393,255.19,0.4933,86.29,0.4548
1662,464.37,0.4452,259.81,0.4507,90.19,0.4172
1663,447.15,0.4009,275.48,0.425,97.84,0.4735
1664,435.77,0.4924,276.95,0.4239,104.08,0.4554
1665,436.85,0.5491,276.66,0.5823,93.41,0.5918
1666,411.75,0.5203,269.79,0.5482,105.55,0.5283
1667,383.47,0.5488,250.1,0.4747,88.33,0.5525
1668,348.94,0.4866,241.36,0.5412,92.72,0.5585
1669,335.24,0.4899,216.85,0.446,99.59,0.4717
1670,303.08,0.4984,199.5,0.4405,80.42,0.3792
1671,292.83,0.4269,191.41,0.4307,70.53,0.4562
1672,276.0,0.4878,160.76,0.3735,75.11,0.3934
1673,258.31,0.4533,161.94,0.4864,66.26,0.3701
1674,257.4,0.2579,136.96,0.2789,53.11,0.2235
1675,249.19,0.2962,131.7,0.2911,48.71,0.2751
1676,268.15,0.3385,126.62,0.2353,50.67,0.2654
1677,276.18,0.3579,137.0,0.2877,51.58,0.2743
1678,309.39,0.2685,152.81,0.2882,39.06,0.2877
1679,323.38,0.3265,151.84,0.3418,37.72,1.5939
1680,426.78,0.34,199.78,0.4344,62.54,0.3194
1681,455.82,0.3165,219.76,0.3985,60.45,0.3912
1682,478.91,0.3244,232.61,0.402,68.12,0.4023
1683,505.0,0.4429,259.01,0.3985,82.44,0.428
1684,517.06,0.48,277.24,0.4,93.25,0.4114
1685,545.71,0.3561,296.03,0.4506,91.25,0.4439
1686,547.66,0.4559,307.13,0.4324,103.21,0.4099
1687,533.35,0.4117,308.41,0.4017,101.98,0.4327
1688,524.36,0.4065,322.95,0.5127,103.44,0.3469
1689,501.26,0.5406,312.49,0.6193,113.52,0.6297
1690,470.23,0.6149,316.69,0.5155,120.81,0.5348
1691,442.49,0.5202,302.84,0.4884,107.35,0.5088
1692,422.0,0.4162,274.52,0.4983,107.08,0.4359
1693,391.11,0.5089,255.9,0.4801,109.95,0.5043
1694,353.72,0.4248,249.78,0.5169,92.79,0.4088
1695,338.21,0.4696,214.94,0.4743,92.21,0.4698
1696,310.61,0.4597,194.53,0.4267,83.05,0.3664
1697,301.0,0.3614,192.18,0.4502,73.33,0.3936
1698,304.6,0.3114,177.59,0.2554,74.35,0.284
1699,300.34,0.2831,157.28,0.2677,65.59,0.2525
1700,325.65,0.2391,164.59,0.2573,67.09,0.2981
1701,330.04,0.2421,154.38,0.2809,50.38,0.3236
1702,367.9,0.2712,173.37,0.2826,59.87,0.3699
1703,389.01,0.2515,179.47,0.3645,58.74,0.2823
1704,413.44,0.3059,197.3,0.3621,49.88,0.352
1705,448.37,0.3987,227.35,0.3583,72.5,0.3451
1706,481.25,0.3642,246.71,0.3477,65.58,0.4666
1707,508.05,0.4694,261.4,0.3608,69.58,0.3681
1708,515.12,0.4451,273.77,0.4914,84.11,0.4581
1709,541.42,0.465,302.01,0.3903,95.18,0.5023
1710,535.72,0.4711,307.55,0.461,108.05,0.4536
1711,544.04,0.5085,317.74,0.4735,100.17,0.4774
1712,533.47,0.4156,329.81,0.4453,120.12,0.4085
1713,506.5,0.5607,321.24,0.5999,121.61,0.5853
1714,481.35,0.6306,299.64,0.5785,120.52,0.5521
1715,447.94,0.5344,294.69,0.4984,107.65,0.4697
1716,425.84,0.5136,284.21,0.5664,110.1,0.5266
1717,379.22,0.4564,254.22,0.5467,99.75,0.5324
1718,354.16,0.4492,239.6,0.458,106.83,0.4532
1719,341.86,0.4276,219.48,0.4299,94.93,0.4367
1720,324.58,0.4229,194.14,0.3703,79.38,0.3621
1721,295.53,0.3522,187.94,0.4236,74.14,0.391
1722,308.37,0.2267,177.83,0.1721,76.25,0.1845
1723,298.35,0.2313,159.83,0.2228,72.6,0.3275
1724,321.59,0.2661,159.84,0.2419,64.61,0.2907
1725,326.59,0.2778,160.81,0.3411,48.05,0.2596
1726,369.61,0.2118,174.18,0.3098,58.8,0.2594
1727,390.4,0.3477,179.12,0.2371,64.0,0.2439
1728,429.5,0.2985,207.34,0.2805,59.58,0.377
1729,452.3,0.3906,214.25,0.3126,62.02,0.4389
1730,474.21,0.3823,248.18,1.0985,63.46,0.4342
1731,504.48,0.4904,252.44,0.3706,75.43,0.4286
1732,523.18,0.3948,283.04,0.4692,82.65,0.4433
1733,537.39,0.4279,305.68,0.4721,97.47,0.3649
1734,546.3,0.4715,315.93,0.3712,93.27,0.5107
1735,542.93,0.4568,323.48,0.4238,114.58,0.504
1736,532.17,0.4543,321.85,0.3464,107.3,0.3821
1737,511.19,0.5731,325.19,0.5055,107.48,0.6132
1738,470.32,0.5056,305.58,0.6106,115.7,0.5326
1739,448.06,0.5947,301.9,0.5231,114.05,0.5256
1740,420.31,0.5129,284.0,0.5039,106.31,0.4536
1741,386.94,0.4484,256.0,0.4321,111.78,0.462
1742,359.59,0.3764,249.69,0.3905,97.35,0.5236
1743,344.71,0.3785,214.81,0.4578,92.62,0.4306
1744,324.83,0.4605,204.13,0.4967,85.94,1.4005
1745,297.9,0.3593,189.63,0.3993,86.43,0.4238
1746,290.49,0.2332,166.18,0.1985,66.78,0.2073
1747,312.21,0.2229,157.91,0.1977,70.59,0.2438
1748,312.0,0.2067,162.96,0.2463,63.94,0.2512
1749,342.62,0.2442,156.51,0.3008,52.89,0.2631
1750,366.43,0.3575,168.98,0.3118,58.34,0.3208
1751,382.35,0.3053,182.59,0.3088,54.59,0.2951
1752,414.96,0.3354,205.98,0.3643,57.22,0.3002
1753,458.53,0.4288,216.04,0.3531,60.13,0.4545
1754,486.35,0.4557,245.44,0.4031,66.87,0.3937
1755,511.41,0.4508,253.98,0.4713,85.85,0.3282
1756,521.78,0.3986,279.84,0.4264,85.9,0.5114
1757,537.71,0.4265,300.61,0.5108,98.51,0.5433
1758,538.15,0.4405,314.84,0.4607,94.85,0.4415
1759,543.1,0.3942,314.16,0.5276,98.31,0.4623
1760,514.03,0.405,327.57,0.4646,116.46,0.4674
1761,511.67,0.5859,313.98,0.4886,107.87,0.5029
1762,472.06,0.494,300.97,0.5806,124.59,0.5843
1763,447.2,0.5082,298.54,0.5889,119.8,0.4945
1764,419.95,0.5014,274.68,0.554,101.11,0.5505
1765,396.61,0.4183,251.9,0.4086,99.77,0.5509
1766,357.79,0.4841,238.35,0.3842,103.37,0.4424
1767,344.14,0.3745,210.07,0.4227,95.26,0.3659
1768,323.03,0.4007,190.82,0.3288,91.34,0.3397
1769,305.14,0.38,186.55,0.4635,72.04,0.4148
1770,297.68,0.202,175.35,0.2604,70.79,0.2833
1771,297.44,0.1982,166.13,0.1995,58.43,0.289
1772,312.49,0.2981,157.24,0.2774,60.24,0.2672
1773,326.84,0.289,157.57,0.3472,46.9,0.258
1774,350.19,0.3251,174.0,0.2179,48.11,0.3124
1775,381.04,0.2382,174.52,0.388,50.85,0.3383
1776,416.83,0.3298,193.14,0.3004,54.29,0.3406
1777,460.01,0.4374,222.64,0.3715,70.46,0.3014
1778,472.38,0.4155,244.34,0.3224,79.98,0.3629
1779,512.31,0.4386,261.36,0.3921,84.11,0.3443
1780,516.28,0.3614,272.93,0.4094,76.77,0.4157
1781,544.12,0.5092,305.46,0.4305,99.68,0.4188
1782,535.03,0.5193,301.83,0.4875,105.05,0.4579
1783,539.8,0.3797,318.55,0.4842,111.8,0.3782
1784,525.71,0.3648,322.82,0.4093,108.9,0.406
1785,509.35,0.589,317.28,0.582,107.2,0.5237
1786,485.36,0.5517,302.75,0.5538,113.21,0.4613
1787,449.65,0.5882,303.35,0.6146,105.29,0.5382
1788,417.43,0.5099,278.87,0.5562,110.16,0.4435
1789,385.38,0.4865,269.34,0.4787,111.23,0.4864
1790,352.91,0.5125,230.34,0.4733,95.11,0.4704
1791,330.93,0.5251,218.77,0.4364,86.14,0.3792
1792,325.93,0.4478,193.75,0.4228,93.61,0.3836
1793,312.86,0.3907,182.74,0.4544,77.74,0.371
1794,302.21,0.2917,179.05,0.3253,66.44,0.2735
1795,312.47,0.313,171.46,0.2563,63.18,0.2531
1796,319.32,0.2587,164.46,0.2641,57.44,0.3057
1797,330.61,0.324,158.63,0.2867,64.17,0.275
1798,366.85,0.2356,169.54,0.2641,48.53,0.3625
1799,395.78,0.3738,188.82,0.2633,46.02,0.3047
1800,359.19,0.3363,167.81,0.3727,55.28,0.4162
1801,392.05,0.3945,180.58,0.4709,50.0,0.2898
1802,402.53,0.3746,206.13,0.3387,59.36,0.3423
1803,435.17,0.3904,218.83,0.4111,58.05,0.4107
1804,436.33,0.4836,232.06,0.4915,73.35,0.4181
1805,457.76,0.4144,262.06,0.4382,79.06,0.4556
1806,449.2,0.4273,267.82,0.446,78.01,0.429
1807,465.12,0.4933,269.43,0.4467,92.71,0.4717
1808,441.24,0.376,276.77,0.4539,97.86,0.5034
1809,434.24,0.5379,271.07,0.534,87.8,0.5741
1810,405.86,0.5341,257.0,0.5412,94.86,0.5794
1811,389.0,0.5063,246.35,0.4934,90.29,0.5195
1812,363.48,0.5729,240.58,0.4961,85.13,0.4167
1813,339.9,0.4773,219.1,0.516,81.28,0.4762
1814,298.09,0.4651,199.02,0.4121,94.56,0.4061
1815,287.25,0.4391,176.99,0.3891,87.61,0.3442
1816,261.63,0.3706,171.36,0.4044,68.19,0.4356
1817,262.25,0.3787,147.26,0.3629,72.41,0.4136
1818,264.06,0.262,138.3,0.246,68.88,0.243
1819,257.15,0.1647,142.3,0.1704,54.03,0.2771
1820,277.93,0.2301,145.2,0.2982,57.51,0.2408
1821,286.51,0.291,135.49,0.3696,54.76,0.2122
1822,300.38,0.2379,152.47,0.2942,48.0,0.339
1823,330.31,0.304,154.23,0.3255,41.15,0.3338
1824,350.67,0.3344,171.38,0.3751,47.31,0.3553
1825,384.8,0.3141,194.19,0.3449,57.51,0.3614
1826,411.12,0.4003,200.3,0.3606,62.74,0.3177
1827,437.22,0.4466,230.19,0.3994,56.27,0.3317
1828,452.85,0.4546,243.78,0.4566,67.8,0.4399
1829,450.61,0.4511,244.97,0.431,75.33,0.4957
1830,462.86,0.4303,271.24,0.4452,94.6,0.5021
1831,446.92,0.4117,276.97,0.4147,93.72,0.4423
1832,453.16,0.4469,262.13,0.4544,84.39,0.488
1833,432.33,0.5665,278.62,0.5576,96.49,0.6275
1834,409.9,0.5053,254.36,0.5243,106.29,0.5818
1835,378.78,0.5603,250.2,0.555,98.9,0.5973
1836,352.89,0.4834,229.54,0.4801,94.68,0.4859
1837,330.12,0.5326,220.45,0.5584,83.71,0.4253
1838,303.78,0.4292,195.22,0.4025,85.02,0.4976
1839,278.43,0.4288,187.66,0.4329,83.67,0.3825
1840,260.91,0.3564,162.4,0.3504,79.44,0.4422
1841,248.55,0.4442,154.27,0.4391,68.24,0.451
1842,259.31,0.2456,151.8,0.2417,51.78,0.2681
1843,265.79,0.2141,135.42,0.2099,61.62,0.2139
1844,277.51,0.3285,131.61,0.2928,45.25,0.2417
1845,283.03,0.305,128.87,0.2953,43.03,0.2301
1846,305.77,0.3059,144.27,0.2825,37.16,0.2478
1847,331.92,0.3551,157.96,0.2748,46.72,0.3753
1848,424.78,0.4071,199.07,0.3388,50.35,0.2688
1849,455.27,0.3812,212.59,0.3203,72.27,0.3395
1850,475.69,0.3353,241.18,0.4265,73.31,1.7401
1851,497.4,0.4649,264.95,0.4481,69.95,0.4529
1852,528.0,0.3601,273.75,0.4919,84.36,0.4634
1853,545.0,0.3972,290.29,0.4494,100.92,0.4302
1854,532.36,0.3936,309.83,0.4887,107.43,0.4504
1855,533.12,0.4896,310.25,0.4533,104.85,0.5221
1856,519.11,0.4623,326.98,0.4518,101.01,0.4804
1857,499.81,0.6196,317.58,0.6071,114.53,0.5598
1858,471.35,0.5147,299.52,0.5923,124.49,0.6084
1859,449.21,0.6019,300.09,0.5255,119.27,0.5353
1860,415.81,0.4282,280.63,0.4261,107.95,0.5689
1861,389.01,0.4879,260.4,0.5351,97.31,0.4119
1862,362.89,0.4497,230.4,0.4906,97.28,0.4516
1863,326.21,0.3942,228.54,0.3861,87.48,0.5002
1864,308.19,0.366,209.16,0.3247,82.73,0.3852
1865,305.95,0.3806,186.34,0.4765,81.73,0.4059
1866,309.5,0.3051,168.28,0.2722,68.22,0.2436
1867,301.11,0.2545,158.86,0.2913,69.87,0.2492
1868,314.03,0.2168,162.87,0.2949,65.97,0.2665
1869,329.14,0.1978,163.83,0.2626,54.4,0.2507
1870,362.19,0.3022,169.5,0.255,61.98,0.2818
1871,392.96,0.3136,189.42,0.3043,47.03,0.2733
1872,429.35,0.3271,199.74,1.3142,67.47,0.2949
1873,448.37,0.3611,220.38,0.2908,60.36,0.3692
1874,488.37,0.3683,242.2,0.4191,73.54,0.3385
1875,502.04,0.4515,250.8,0.4445,79.42,0.359
1876,514.52,0.46,272.41,0.3421,84.98,0.4275
1877,532.52,0.4525,288.39,0.4442,85.73,0.4316
1878,534.34,0.4125,301.72,0.4968,100.2,0.4154
1879,533.18,0.5375,313.5,0.453,115.53,0.4366
1880,516.16,0.4333,327.21,0.4337,107.93,0.45
1881,500.98,1.2659,320.12,0.5408,122.14,0.567
1882,475.39,0.544,305.61,0.5403,118.49,0.4866
1883,445.33,0.4357,300.6,0.4672,106.32,0.527
1884,410.72,0.5202,277.52,0.4537,119.02,0.5167
1885,391.46,0.4731,259.54,0.4723,107.02,0.429
1886,355.45,0.4497,242.05,0.4391,96.0,0.4474
1887,327.3,0.3932,221.84,0.4561,85.72,0.4629
1888,323.89,0.4364,202.45,0.4256,90.2,0.4151
1889,299.62,0.4289,189.64,0.4481,75.03,0.4179
1890,306.12,0.2778,163.21,0.2233,78.91,0.2699
1891,296.15,0.2238,166.32,0.3062,68.6,0.3268
1892,317.39,0.2213,160.88,0.322,59.98,0.3336
1893,336.59,0.2707,152.86,0.2325,59.53,0.1905
1894,354.78,0.2586,162.97,0.3041,47.56,0.3028
1895,396.15,0.3572,180.17,0.3553,48.81,0.3323
1896,423.94,0.308,191.7,0.3815,55.44,0.3805
1897,459.72,0.3739,222.2,0.3758,54.32,0.3181
1898,475.18,0.3729,236.94,0.4163,66.51,0.4026
1899,497.22,0.4762,256.7,0.415,80.2,0.4007
1900,525.35,0.4622,287.13,0.3645,87.45,0.5096
1901,527.77,0.4478,303.85,0.4274,94.32,0.4886
1902,549.55,0.4291,306.04,0.4325,97.81,0.4923
1903,526.11,0.4955,319.68,0.5105,99.87,0.4619
1904,513.96,0.4375,320.12,0.4598,117.73,0.4767
1905,503.08,0.5709,313.3,0.6149,121.33,0.6555
1906,477.65,0.5193,308.32,0.4787,118.77,0.5136
1907,448.15,0.4724,297.96,0.4845,110.27,0.4999
1908,421.89,0.4656,275.32,0.5593,101.84,0.4562
1909,383.17,0.4708,261.59,0.4506,103.59,0.4663
1910,355.1,0.4861,248.26,0.4876,108.47,0.4802
1911,334.78,0.4352,222.24,0.4168,85.51,0.3656
1912,324.2,0.4299,190.52,0.3312,86.61,0.4459
1913,304.3,0.4594,173.82,0.4615,71.59,0.4368
1914,304.95,0.2707,179.23,0.2897,77.29,0.2833
1915,304.13,0.3132,164.89,0.2158,61.52,0.216
1916,311.03,0.1695,154.43,0.3154,53.8,0.2823
1917,331.77,0.2415,153.12,0.3169,61.95,0.2674
1918,362.8,0.2458,179.95,0.2864,53.36,0.2862
1919,390.63,0.3507,185.25,0.3114,57.99,0.3525
1920,418.96,0.356,209.12,0.3067,68.92,0.3405
1921,457.77,0.4314,220.67,0.3675,57.88,0.4116
1922,473.98,0.4026,237.37,0.4605,74.28,0.3582
1923,498.44,0.4057,253.36,0.4242,71.78,0.4251
1924,521.86,0.414,289.28,0.4415,89.24,0.4111
1925,537.62,0.5363,294.46,0.4147,99.31,0.3913
1926,535.46,0.4996,316.06,0.4828,109.5,0.3669
1927,536.52,0.4294,319.11,0.4485,101.29,0.4177
1928,530.6,0.4499,327.42,0.4349,113.33,0.488
1929,503.81,0.5752,313.86,0.5878,111.97,0.5826
1930,476.23,0.6232,318.12,0.5492,122.72,0.526
1931,449.02,0.478,293.74,0.4979,110.98,0.5028
1932,411.58,0.4803,270.3,0.4504,113.36,0.4586
1933,388.21,0.4655,264.72,0.4112,112.39,0.4119
1934,361.2,0.4174,234.37,0.4302,93.35,0.4098
1935,341.86,0.4258,224.75,0.4237,97.34,0.4504
1936,311.85,0.3977,190.39,0.3494,78.71,0.3675
1937,305.92,0.3609,190.79,0.4068,71.13,0.4609
1938,307.33,0.2469,173.6,0.2757,72.03,0.2335
1939,300.93,0.2403,160.48,0.2293,60.31,0.3486
1940,324.76,0.3051,162.02,0.2738,63.11,0.2204
1941,343.98,0.3078,164.5,0.2881,65.66,0.3122
1942,358.21,0.3291,175.63,0.3209,62.73,0.2307
1943,396.56,0.3766,186.46,0.3296,46.39,0.3356
1944,414.86,0.3254,204.86,0.3027,52.58,0.3729
1945,452.44,0.3406,223.78,0.4153,64.91,0.4462
1946,477.48,0.3684,240.98,0.4228,70.64,0.3243
1947,505.99,0.4111,262.82,0.4602,78.68,0.3817
1948,524.93,0.4364,285.39,0.4297,94.24,0.4237
1949,530.13,0.4831,298.56,0.4185,85.86,0.4013
1950,547.98,0.3762,316.17,0.4682,106.51,0.4991
1951,538.7,0.4201,314.07,0.4396,107.62,0.4178
1952,526.66,0.3939,318.54,0.3778,110.91,0.4726
1953,512.06,0.5474,322.88,0.5878,108.46,0.5958
1954,486.82,0.5255,310.89,0.5185,105.92,0.5448
1955,446.29,0.5961,287.95,0.5469,117.73,0.5253
1956,417.63,0.4332,288.01,0.564,117.31,0.5022
1957,398.11,0.4913,261.87,0.5103,111.41,0.4569
1958,366.54,0.4067,238.64,0.4586,91.42,0.5304
1959,327.29,0.3944,221.79,0.516,102.14,0.4765
1960,324.42,0.443,208.85,0.3209,77.52,0.4203
1961,296.39,0.4439,184.27,0.4192,72.12,0.3756
1962,298.29,0.206,167.77,0.2293,76.11,0.2147
1963,296.9,0.3071,155.3,0.2766,55.65,0.2854
1964,309.38,0.3331,152.7,0.2704,61.65,0.186
1965,337.87,0.2204,162.89,0.2266,61.78,0.2415
1966,367.27,0.353,165.08,0.3207,53.07,0.372
1967,382.65,0.2842,191.19,0.2557,58.96,0.3507
1968,366.96,0.3297,169.39,0.3025,40.84,0.3024
1969,373.41,0.355,195.38,0.296,47.66,0.3373
1970,417.17,0.3637,213.91,0.4181,59.69,0.4637
1971,427.62,0.4373,224.32,0.4328,71.51,0.3876
1972,438.31,0.415,245.01,0.4611,81.82,0.4797
1973,463.86,0.461,261.58,0.4774,74.68,0.4244
1974,455.47,0.4327,265.89,0.5117,86.63,0.5092
1975,464.75,0.4175,267.89,0.5135,85.02,0.4572
1976,439.56,0.4527,266.04,0.3942,96.15,0.4281
1977,434.58,0.6425,265.74,0.5396,94.35,0.5405
1978,405.63,0.6324,259.55,0.6436,94.33,0.5416
1979,381.21,0.5456,252.89,0.5812,94.39,0.5075
1980,361.01,0.5383,230.72,0.491,87.74,0.504
1981,331.74,0.4238,225.79,0.546,92.17,0.5243
1982,296.5,0.5269,212.39,0.4314,91.05,0.4007
1983,288.66,0.4745,179.0,0.4379,74.82,0.4434
1984,260.55,0.4821,161.38,0.4266,71.03,0.4525
1985,262.04,0.427,146.62,0.4211,72.37,0.3899
1986,253.28,0.2831,152.21,0.2091,56.8,0.2274
1987,265.73,0.2518,132.06,0.2315,50.36,0.2431
1988,266.88,0.2728,130.22,0.2691,44.06,0.2226
1989,276.6,0.2731,131.32,0.2605,53.21,0.3271
1990,305.45,0.3185,139.52,0.2879,40.67,0.2137
1991,339.05,0.3465,162.19,0.3106,44.91,0.2626
1992,349.32,0.36,168.43,0.3091,41.87,0.3753
1993,392.35,0.3913,176.84,0.3309,53.2,0.3731
1994,416.68,0.3918,210.03,0.426,62.18,0.4173
1995,420.71,0.3725,214.69,1.3299,63.25,0.3993
1996,438.7,0.4332,233.42,0.4359,70.24,0.4151
1997,459.47,0.4187,254.75,0.4834,69.13,0.3654
1998,466.26,0.4407,267.43,0.4581,81.49,0.4148
1999,450.72,0.435,272.35,1.1831,90.43,0.4741
2000,443.68,0.4773,280.94,0.5048,101.01,0.5007
2001,428.93,0.5181,269.97,0.6367,89.97,0.636
2002,399.88,0.5679,265.55,0.5687,96.0,0.6023
2003,381.89,0.5614,242.74,0.5629,90.45,0.5152
2004,352.06,0.51,240.68,0.4862,99.29,0.5561
2005,334.53,0.394,214.93,0.4647,98.28,0.3861
2006,304.08,0.3843,199.54,0.4885,75.02,0.4906
2007,287.0,0.3995,177.26,0.4685,71.61,0.5089
2008,269.43,0.3707,177.56,0.3826,70.55,0.3838
2009,253.94,0.3632,153.46,0.4892,70.54,0.3842
2010,249.77,0.2521,149.54,0.1987,65.88,0.2473
2011,253.7,0.3034,136.45,0.3354,48.45,0.2686
2012,278.39,0.3197,128.27,0.2009,41.55,0.315
2013,293.24,1.0821,131.26,0.1815,55.82,0.2915
2014,311.53,0.3775,151.07,0.2776,44.23,0.2629
2015,334.91,0.3097,161.09,0.3457,42.01,0.3203
